temporada;jugador;puntos_por_partido;asistencias_por_partido;tapones_por_partido;rebotes_por_partido
00/01;2;6.2;1.3;0.2;4.2
00/01;3;6.4;0.8;0.5;3.5
00/01;8;2;0.3;0.1;2.2
00/01;14;23.4;5.5;0.6;8.9
00/01;21;20.1;3.2;1.6;10.1
00/01;26;6.9;6.1;0.1;3.4
00/01;28;10;1.2;4.2;4.2
00/01;29;19.5;2.5;0.3;5
00/01;33;12.6;1.8;0.6;4.1
00/01;43;2.1;0.2;0.1;1.5
00/01;50;11.6;5;0.1;4.1
00/01;52;11.9;1.7;0.2;4
00/01;62;28.5;5;0.6;5.9
00/01;65;11.5;4.4;0.1;3
00/01;69;7.6;0.3;0.9;4.7
00/01;70;2;0.2;0.2;1.3
00/01;71;17.2;5.2;1.6;7.8
00/01;94;4.5;0.6;0.9;3.9
00/01;103;4.6;2.3;0.2;1.5
00/01;109;22.2;8.4;0.2;3.2
00/01;112;8.1;0.8;0.1;3.4
00/01;114;7.7;0.8;0.7;5.4
00/01;121;7.5;1.3;2;4.8
00/01;128;15.8;8;0.3;4.4
00/01;129;2.2;3.3;0;1.2
00/01;153;11.7;0.8;1.5;6.7
00/01;155;6.5;3.2;0;1.7
00/01;158;12.3;1.1;0.7;7.1
00/01;159;9.8;7.4;0.1;3.3
00/01;160;14;3.2;0.4;5.5
00/01;162;6.4;1.5;2.3;13.2
00/01;181;15.5;3.7;0.2;4.4
00/01;182;6.5;3.2;0;1.1
00/01;187;6.2;0.7;0.6;3.3
00/01;190;3.2;0.1;0.2;1.8
00/01;205;5.9;0.8;0.3;3.2
00/01;207;2.6;0.9;0.8;5.8
00/01;212;1.9;0.3;0.4;2.1
00/01;228;16.5;4.5;0.6;5.5
00/01;240;22;4.6;0.2;5.2
00/01;242;8.5;1.6;1.1;9.3
00/01;243;18.2;7.6;0.1;3.8
00/01;245;22;5;1.8;11.4
00/01;246;5;1;0;0.8
00/01;248;25.3;3.1;0.8;6.4
00/01;249;6.5;0.6;1.3;6
00/01;250;8.1;2;0.5;5.3
00/01;261;15.9;8.4;0.2;3.7
00/01;285;3.9;0.5;1.2;3.6
00/01;287;4.6;1.6;0.3;1
00/01;291;17.3;2;1.4;1.4
00/01;292;13.6;0.9;2.4;7.8
00/01;295;9.4;5.4;0.1;2.4
00/01;300;20.5;3.1;0.9;9.1
00/01;301;11.9;3;0.6;3.9
00/01;305;2.6;1.4;0.2;0.9
00/01;307;8.9;1.9;0.7;7.4
00/01;308;4.4;0.4;0.8;3.9
00/01;310;7.1;1;0.6;5.6
00/01;313;12.4;1.2;0.9;7.5
00/01;322;3.4;0.5;0.2;2
00/01;329;9.3;1.3;0.2;3.2
00/01;330;20.4;2.2;0.2;5.8
00/01;331;12.7;2.8;0.3;4.9
00/01;340;2.1;1.8;0;0.8
00/01;343;19.9;6.5;0.4;6.9
00/01;347;7.2;2;0.1;3.1
00/01;349;26.8;4.6;1.5;7.5
00/01;350;9.1;1.1;2.8;14.1
00/01;361;8.8;34;0.2;3.1
00/01;363;7.6;1.6;0.6;3
00/01;364;22.2;3;2.3;12.2
00/01;365;20.2;4.4;0.3;5.3
00/01;367;5.2;1.6;0.7;3.7
00/01;372;13;5.7;0.1;3.7
00/01;373;10.4;0.8;0.9;6.7
00/01;375;6.1;3.9;0;1.8
00/01;386;12.9;1.4;2.6;7.8
00/01;391;0.8;0.1;0.9;2.2
00/01;403;9.4;3.8;0.2;2.1
00/01;405;24.9;2;0.3;8.7
00/01;410;2.2;0.5;0.1;0.7
00/01;425;5.9;2.3;0.1;1.2
00/01;427;5.9;0.8;2.7;7
00/01;428;8.3;0.7;0.2;2.8
00/01;431;14.8;1.6;0.8;6.9
00/01;434;5.3;0.9;0.3;2.8
00/01;443;7.4;1.4;1.4;5.8
00/01;445;18.2;2.9;0.4;7
00/01;446;17.4;2.7;0.9;4.6
00/01;447;16.9;9.8;0.3;6.4
00/01;448;3.4;1.2;0;0.8
00/01;449;4.6;0.4;1;4
00/01;450;21.8;2.1;1.2;9.2
00/01;451;29.8;5.1;0.7;3.9
00/01;452;19.7;4.9;0.2;3.3
00/01;454;3.1;0.3;0.2;1.9
00/01;462;15.9;7;0.2;4.6
00/01;464;27.6;3.9;1.1;5.5
00/01;471;4.9;0.4;1;3.6
00/01;472;17;1.7;0.4;7.1
00/01;482;12;4.1;0.1;2.1
00/01;483;12;0.8;2.2;11.5
00/01;484;6.4;3.7;0.1;2.5
00/01;490;12;1.9;1.7;7.4
00/01;491;3.3;0.7;0.2;2.4
00/01;505;11.1;1.8;0.3;4.3
00/01;506;2;1;0;0
00/01;524;3.5;0.5;0.4;5.5
00/01;530;12.9;1.2;2.8;9.8
00/01;541;9.3;3.4;0.1;2.1
00/01;543;18.1;2.9;0.1;3.1
00/01;546;10.1;2.7;0.2;2.1
00/01;549;20.8;2.1;1.5;12.1
00/01;551;12.4;1.2;3.7;8.3
00/01;554;19.2;2.8;1.8;7.8
00/01;566;2.1;0.6;0.1;2
00/01;567;13.6;1.6;1;7
00/01;581;1;0;0;0.2
00/01;584;13.8;6.3;0.5;6.3
00/01;586;15.6;7.3;0.1;3.2
00/01;587;28.7;3.7;2.8;12
00/01;588;10.6;1.2;0.2;3
00/01;589;4.1;0.5;0.3;4.3
00/01;604;10.1;1.1;0.6;3.3
00/01;605;18.1;8.5;0.6;4.3
00/01;607;7.5;1.7;0.2;4.9
00/01;608;8.2;1.8;0.2;2.7
01/02;2;5.8;1.1;0.4;3.9
01/02;3;4.6;0.6;0.3;4
01/02;8;2.8;0.7;0.2;2.7
01/02;14;22.1;5;0.5;8.8
01/02;21;18.2;2.4;2;11.6
01/02;26;7;5.7;0.1;2.1
01/02;28;11.4;1.8;0.3;3.7
01/02;29;21.7;2.5;0.5;4.1
01/02;33;11.7;1.4;0.4;4.1
01/02;42;4.5;0.8;0.5;3.5
01/02;43;2.1;0.3;0;0.8
01/02;44;4.5;1.1;0.6;3.9
01/02;50;12.2;3.7;0.3;4
01/02;52;15.2;3.1;0.4;4.3
01/02;62;25.2;5.5;0.4;5.5
01/02;65;11.2;2.6;0.1;2.1
01/02;66;17.6;2.7;2.1;8.9
01/02;69;7.7;0.3;1.2;5.3
01/02;70;8;1.1;0.5;5.3
01/02;71;13.1;5.9;1.2;6.1
01/02;72;6.7;1.3;0.4;3.8
01/02;84;2;0.3;0.3;1.3
01/02;94;8.4;0.9;1.3;6.5
01/02;103;9.3;2.4;0.2;1.5
01/02;104;6.7;0.3;0.7;3.8
01/02;105;5.3;0.4;1.5;4.1
01/02;109;20.4;8.1;0.2;3.2
01/02;111;2.8;0.3;0.1;1.7
01/02;112;13.3;1.6;0.3;4.1
01/02;114;9.4;0.7;0.5;6
01/02;121;6.2;1.1;0.9;3.6
01/02;128;16.5;10.9;0.4;4.7
01/02;129;5.3;3.4;0;1.4
01/02;153;11.1;1.1;1.4;5.4
01/02;155;5.1;2.1;0;1.5
01/02;158;10.7;1.1;0.8;6.3
01/02;159;12.1;6.6;0.2;3.5
01/02;160;18.7;3.1;0.3;4.8
01/02;162;7.6;1.4;3.5;13
01/02;181;10.8;3.1;0.1;2.7
01/02;182;4.1;2.1;0;0.8
01/02;187;7.7;0.5;0.5;4.5
01/02;190;9.7;0.4;0.7;7.9
01/02;193;14.4;3;0.4;4.3
01/02;194;3.2;0.5;0.1;1.6
01/02;201;1.6;0.4;0;0.8
01/02;205;12.4;1.4;0.4;4.7
01/02;207;1.1;0.3;0.5;3.4
01/02;209;3.7;0.6;0.2;1.7
01/02;212;5;0.3;0.4;4.2
01/02;228;12.3;4.3;0.3;3.4
01/02;240;21.8;3.9;0.3;4.5
01/02;242;8.4;1.3;1;9.8
01/02;243;19.7;6.7;0.2;4.2
01/02;245;21.2;5.2;1.6;12.1
01/02;246;8;1.9;0.1;1.7
01/02;248;26.1;3.2;1;6.9
01/02;249;6.4;0.7;0.9;7.1
01/02;250;10.7;2.5;0.5;5.9
01/02;254;2.1;0.8;0.1;1.8
01/02;261;13.7;5;0.2;2.8
01/02;263;7.2;3;0.1;2.4
01/02;265;6.3;1.5;0.2;2.9
01/02;285;2.1;0.2;0.4;1.9
01/02;287;11.7;2.2;0.3;3
01/02;291;19.1;2;1.1;9.9
01/02;292;15.7;1.2;2.5;8.4
01/02;295;14.8;8;0.1;3
01/02;300;21.2;3.1;1;9
01/02;301;10.9;1.8;0.6;5
01/02;305;2.8;1.4;0;0.9
01/02;307;12.7;2.1;0.6;8.4
01/02;308;2.6;0.4;0.3;1.8
01/02;310;14.1;1.9;0.9;7.2
01/02;313;12;1;0.5;9.4
01/02;320;3;0.3;1.2;3.2
01/02;322;4.9;0.7;0.6;4
01/02;324;6.1;0.8;1.3;4.8
01/02;326;2.8;1.3;0.1;0.9
01/02;329;14;2.4;0.2;3.5
01/02;330;21.2;2.5;0.2;5.3
01/02;331;17;2.8;0.3;6
01/02;340;3.5;2.9;0;1.4
01/02;341;14.4;2.8;1;5.4
01/02;343;21.6;6.4;0.4;7
01/02;347;11.1;2;0.1;3.1
01/02;349;25.6;5.3;1;7.9
01/02;350;11.5;1;2.4;10.8
01/02;353;1.8;0.4;0.6;2
01/02;361;14.4;5.3;0.5;5.4
01/02;363;7;1.5;0.4;2.7
01/02;364;25.5;3.7;2.5;12.7
01/02;365;22.6;5.3;0.4;6.3
01/02;367;6.8;2.9;1.1;5.9
01/02;371;9.2;4.3;0.1;2.6
01/02;372;13.5;6.5;0.1;3.9
01/02;373;13.9;1.1;1;9.1
01/02;375;6.6;4.3;0;2
01/02;386;10.8;1.2;2.2;7.4
01/02;391;2.7;0.3;1.7;4
01/02;400;10.9;3.7;0.2;2.8
01/02;403;9.2;2.8;0.2;2.1
01/02;404;5.1;0.5;1.5;5.2
01/02;405;19.7;2;0.6;6.8
01/02;410;4.9;1.7;0.4;2
01/02;411;4.3;0.1;0.7;3.9
01/02;420;4.1;2.5;0.1;1.4
01/02;425;4.1;0.9;0.2;0.2
01/02;426;2.1;0.4;0;0.4
01/02;427;4.8;0.5;2.1;4.9
01/02;428;11.1;1.2;0.3;4.2
01/02;431;16.8;1.7;0.6;7
01/02;434;10.1;2;0.4;4.5
01/02;440;4.3;0.4;0.7;3.2
01/02;443;7.6;1.2;2.3;5.3
01/02;445;17.9;2.6;0.6;7.1
01/02;446;18.3;3.2;0.9;4.7
01/02;447;14.7;9.9;0.2;7.3
01/02;448;7.8;3.5;0;1.7
01/02;449;8.5;0.4;1;5.6
01/02;450;23.4;2.4;1;9.9
01/02;451;21.4;5.3;0.5;4.1
01/02;452;19.3;5.7;0.2;3.5
01/02;454;7.1;1.4;0.5;3.7
01/02;462;12.4;5.5;0.1;3.9
01/02;464;24.7;4;0.7;5.2
01/02;465;1.4;0.3;0.6;0.9
01/02;467;8.7;2.2;0.6;3.3
01/02;468;9.4;1.8;0.6;3.7
01/02;471;11.8;0.7;1.7;6.3
01/02;472;14.8;2;0.5;7.5
01/02;482;12.1;3.3;0.1;2
01/02;483;11.1;1.1;1.7;11.1
01/02;484;4.3;4.7;0.1;2.5
01/02;487;3.6;0.1;0.8;1.8
01/02;490;14.9;2.6;1.7;5.3
01/02;491;6.5;0.6;0.5;5.5
01/02;503;6.4;0.8;0.3;4.2
01/02;505;11.8;1.3;0.1;7.1
01/02;506;2.6;1.2;0.1;1.3
01/02;507;10.7;1.1;1.9;4.9
01/02;524;5.7;0.9;0.5;6.8
01/02;528;5.9;0.9;0.3;3.9
01/02;530;19;1.6;2.3;10.5
01/02;533;9.4;8.1;0.5;3.7
01/02;541;12.5;5.5;1.68;2.8
01/02;543;20;2.7;0.2;3.4
01/02;546;5.8;1.6;0.2;1.5
01/02;549;11.3;1.8;0.8;5.5
01/02;551;8.7;0.3;2.7;5.3
01/02;554;19.3;1.9;1.3;8.2
01/02;566;7.2;1.8;0.2;3.9
01/02;567;14.8;1.7;1.2;7.6
01/02;572;3.6;2;0.1;1.3
01/02;581;3.4;1;0.1;1.5
01/02;584;16.8;4.6;0.3;8.9
01/02;585;4.6;0.4;0.5;3.6
01/02;586;17.9;7.7;0.1;3.1
01/02;587;27.2;3;2;10.7
01/02;588;8.8;1.6;0.2;2.6
01/02;589;3.4;0.3;0.9;4.3
01/02;604;6.8;1;0.4;2.9
01/02;605;17.1;6.4;0.4;3.7
01/02;607;13.1;1.2;0.2;6.3
01/02;608;3.9;0.5;0.1;1.1
02.03;324;9.2;1;1.4;6.9
02/03;2;6;2.9;0.2;2.9
02/03;3;4.4;0.6;0.2;2.9
02/03;6;7.4;2.9;0.2;2.4
02/03;8;3.2;0.7;0.3;2.9
02/03;14;20.1;4.8;0.4;7.2
02/03;21;18.5;2.5;2.5;11.3
02/03;23;3.7;1.7;0;0.9
02/03;26;3.9;4.2;0;1.5
02/03;28;16.8;1.9;0.2;5
02/03;29;17.5;2.8;0.5;4.2
02/03;30;6.2;2.5;0.2;1.8
02/03;33;13.3;1.3;0.6;4.9
02/03;42;7.4;0.7;1;5.3
02/03;43;0.8;0.2;0;1
02/03;44;5.7;1.1;0.5;4.5
02/03;48;5.1;1;0.1;1.2
02/03;50;9;3.5;0.1;4.4
02/03;52;16.4;2.8;0.3;5.8
02/03;62;30;5.9;0.8;6.9
02/03;65;10.5;3.6;0.2;2.9
02/03;66;19;2.8;1.8;8.8
02/03;69;5.9;0.5;0.7;4.4
02/03;70;7.7;1.4;0.4;3.7
02/03;71;14.6;3.6;0.8;6.7
02/03;72;10.1;1.3;0.3;4.5
02/03;82;2.5;0;0.7;1.4
02/03;84;1.9;0.2;0.2;1
02/03;94;11.2;1.5;1.5;6.5
02/03;103;10.7;4.2;0.3;2.3
02/03;104;10.5;0.5;0.8;4.4
02/03;105;5.4;0.5;1.6;4.2
02/03;106;4;0.8;0.2;2.9
02/03;107;1.2;0.3;0.1;0.5
02/03;109;22.3;8.1;0.2;3.2
02/03;111;8.4;0.5;0.2;4.5
02/03;112;9.4;0.9;0.2;4.8
02/03;114;10.4;1.6;0.5;6.4
02/03;121;2.9;0.3;0.7;2.3
02/03;124;3.2;0.5;0.2;6.6
02/03;128;13.6;6.7;0.1;4
02/03;129;6.4;3.8;0;2.5
02/03;151;1.7;0.3;0.3;3.7
02/03;153;17.2;1.6;1.9;7.5
02/03;155;4.6;1.6;0.1;1.4
02/03;158;7.5;0.7;1;5
02/03;159;12.9;6.6;0.1;3.7
02/03;160;17.6;2.6;0.4;4.6
02/03;162;6.9;1.6;3.2;15.4
02/03;181;13.9;4.3;0.2;3.5
02/03;182;8.8;3.3;0.1;1.3
02/03;187;7.7;0.8;0.3;6.4
02/03;190;4.6;0.2;0.6;3.7
02/03;193;15.6;3;0.3;4.6
02/03;194;4.7;0.5;0.3;2.7
02/03;203;3.4;0.2;1.1;4
02/03;205;14.1;1.8;0.4;6.4
02/03;209;3.3;0.6;0.1;2.1
02/03;212;3.8;0.6;0.4;3.5
02/03;224;12.85;1.15;0.55;7.1
02/03;228;12.8;3.1;0.4;4.6
02/03;240;24.5;5.9;0.1;5.6
02/03;242;10.7;1.9;1;9
02/03;243;19.7;5.8;0.2;4.4
02/03;245;23;6;1.6;13.4
02/03;246;7.5;1.6;0;1.8
02/03;248;25.9;4.4;0.8;7.3
02/03;249;4.5;0.3;0.6;4.6
02/03;250;14.1;3.1;0.2;5.8
02/03;254;3.1;0.8;0.3;2.4
02/03;261;15.9;5.2;0.2;5.2
02/03;263;5.8;2.5;0.2;1.9
02/03;265;9.8;2.6;0.2;3.2
02/03;285;4.4;0.8;0.6;4.6
02/03;287;20.6;5;0.5;4.9
02/03;291;21.2;2.4;1.2;9.5
02/03;295;12.1;8.3;0.1;2.8
02/03;300;19.9;3;0.5;8.4
02/03;301;15.5;2.9;0.7;5.2
02/03;305;4.1;1.3;0.1;1.2
02/03;307;13.1;2.6;0.6;8.3
02/03;308;0;0;0.7;0.3
02/03;309;2.1;0.7;0.1;0.9
02/03;310;9.9;2;0.3;6.9
02/03;313;11.4;1.1;0.8;7.5
02/03;320;5.2;0.5;1;4.6
02/03;322;3.6;0.9;0.5;2.5
02/03;323;7.5;1.3;0.6;2.6
02/03;325;4.5;0.3;0.6;3.3
02/03;326;7.8;3.2;0.1;1.9
02/03;327;2.5;1.1;0.1;1.1
02/03;329;14.1;2.3;0.4;4.4
02/03;330;19.2;2;0.1;5.5
02/03;331;15.2;3.3;0.2;5.3
02/03;340;7.8;4.1;0.3;2.3
02/03;341;9.7;1.3;1.1;4.4
02/03;343;21;6.2;0.5;6.2
02/03;347;15.2;3.1;0.1;3.7
02/03;349;32.1;5.5;0.8;6.5
02/03;350;5.8;0.8;1.5;6.4
02/03;353;2.1;0.5;0.3;2.5
02/03;354;13.5;1.7;1.8;8.2
02/03;361;10.3;5.1;0.2;4
02/03;363;7.1;1.4;0.5;2.9
02/03;364;23.3;3.9;2.9;12.9
02/03;365;21.5;4.4;0.4;5.2
02/03;366;7.6;2;0.2;0
02/03;367;6.5;2.9;0.8;6.4
02/03;371;15.5;5.3;0.1;2.6
02/03;372;6.9;3.5;0.1;2.6
02/03;373;14;2;1.2;7.9
02/03;375;5.9;2.9;0;1.5
02/03;386;9.3;0.8;1.3;4.8
02/03;391;1.5;0.4;1.4;4.5
02/03;400;18.3;6.3;0.2;4.7
02/03;402;15.4;2.9;0.4;5.1
02/03;403;3.7;1.3;0.1;1.1
02/03;404;6.2;0.4;1.5;5
02/03;405;22.2;1.9;0.6;7
02/03;406;1.8;0.7;0;0.7
02/03;410;4.6;0.7;0.1;1.4
02/03;411;4.8;0.1;0.6;4.3
02/03;420;2.8;1.2;0;0.6
02/03;425;6.4;1.6;0.1;1.3
02/03;427;5.4;0.5;2.5;6
02/03;428;10.7;1.5;0.2;3.8
02/03;431;18.1;1.7;0.4;6.5
02/03;434;6.7;1.3;0.2;2.8
02/03;440;9.6;0.7;1;5.3
02/03;443;8.2;0.7;1.9;6.6
02/03;445;18.4;3;0.3;5.2
02/03;446;18.5;3.7;0.7;4.8
02/03;447;18.7;8.9;0.3;6.3
02/03;448;8.6;3.5;0;2
02/03;449;10.3;1.1;1.4;8.8
02/03;450;25.1;3;1;9.9
02/03;451;21.5;4.5;0.4;3.7
02/03;452;17.2;7.4;0.2;3.4
02/03;454;6.9;1.3;0.5;4
02/03;462;9.4;3.9;0.2;3.6
02/03;464;20.6;3.3;0.9;4.4
02/03;465;1.5;0.5;1;2.7
02/03;467;4.2;1.8;0.7;3.1
02/03;468;15.5;2.5;0.6;6.4
02/03;470;2.1;0.2;0.1;0.8
02/03;471;9.7;0.7;1.5;5.7
02/03;472;15.9;1.3;0.4;7.1
02/03;482;3.3;2.7;0.1;1.5
02/03;483;7.6;1.6;1.4;7.2
02/03;484;4.1;4.1;0.1;1.7
02/03;487;3.9;0.2;1.1;2.8
02/03;490;16.7;2.4;0.9;8.3
02/03;491;6.7;1;0.5;4.6
02/03;492;10.5;1.9;0.8;6.1
02/03;501;10;1.3;0.6;7.5
02/03;503;5.5;0.6;0.3;2.7
02/03;505;17.6;1.7;0.2;6.6
02/03;507;12;1.7;2.2;5.3
02/03;511;6.9;1;0.5;4.7
02/03;523;5.7;1.3;0.2;2.6
02/03;524;2.1;0.7;0.3;3.6
02/03;528;11.7;1.3;0.4;10.2
02/03;529;1.9;0.3;0;0.1
02/03;530;20.8;2;2.3;10.3
02/03;532;3;0.9;0.1;1.2
02/03;533;7.8;7.5;0.2;3.6
02/03;541;16.2;3.9;0.2;3.7
02/03;542;6.4;1;0.1;1.7
02/03;543;19.7;2.5;0.2;3.9
02/03;546;9.7;2.4;0.2;2
02/03;550;3.3;0.6;0.3;1.1
02/03;551;8.7;0.9;3.2;7.5
02/03;554;18.1;2.1;1;7.4
02/03;566;4.4;1.4;0.1;3.6
02/03;567;13.4;1.8;1.1;9
02/03;572;5.5;2.8;0.2;2.1
02/03;573;3.7;0.5;0.3;2.3
02/03;581;3.1;0.8;0.1;1.9
02/03;583;12.75;1.95;0.1;3.5
02/03;584;14.5;4.2;0.4;7.1
02/03;585;2.3;0.1;0.3;1.5
02/03;586;17.7;7.3;0.1;2.9
02/03;587;27.5;3.1;2.4;11.1
02/03;588;9.7;1.1;0.2;2.5
02/03;589;6;0.2;0.7;4.8
02/03;590;13.5;1;1.1;8.8
02/03;604;5.1;1.1;0.3;2.3
02/03;605;22.9;7.5;0.4;4.3
02/03;607;12.2;1.5;0.5;6.2
02/03;608;11.8;2.3;0.4;3.6
03/04;2;3.1;0.8;0.1;1.9
03/04;3;5;0.7;0.6;4.1
03/04;6;8.5;4.8;0.3;3
03/04;8;3.6;0.4;0.2;3.8
03/04;14;14;4.5;0.8;8.3
03/04;21;20;3.3;2.2;10.3
03/04;23;2.1;0.8;0;0.7
03/04;25;6.1;1;0.9;5.6
03/04;26;5.9;4.7;0;2.3
03/04;28;20.7;3.1;0.2;5.9
03/04;29;15.8;3.2;0.4;4.5
03/04;33;14.1;2.1;0.4;4.9
03/04;42;10.9;1.5;0.7;7.4
03/04;43;9.6;1.4;0.3;4.2
03/04;44;5.9;2;0.7;5.1
03/04;48;6;1.3;0.1;2.6
03/04;50;9.2;2.6;0.3;3.4
03/04;52;11.1;3.6;0.2;3.3
03/04;62;24;5.1;0.4;5.5
03/04;65;7.1;2.3;0.1;1.9
03/04;66;17.7;2.5;1.7;7.7
03/04;69;6.9;0.5;1;6.4
03/04;70;4;1.1;0.3;2.4
03/04;71;17.1;4.1;0.9;9.7
03/04;72;12;1.8;0.6;5.3
03/04;75;2.4;1.6;0.1;1.8
03/04;84;1.6;0.2;0.2;0.8
03/04;87;7.1;6.5;0.1;3.2
03/04;91;4.2;0.7;0.8;4.5
03/04;92;3.5;0.3;0.1;1.3
03/04;94;8.7;1.4;2;7.7
03/04;103;17.3;5.1;0.4;3.5
03/04;104;14.7;0.9;1.1;6.2
03/04;105;5;0.5;0.9;3.5
03/04;106;5.7;1.1;0.3;5.2
03/04;107;4.9;2.1;0.2;1.6
03/04;109;19.8;9.3;0.1;3.1
03/04;111;20.1;2;0.5;10.5
03/04;112;17.2;2.1;0.3;6.4
03/04;114;7.9;1;0.4;4.8
03/04;121;4.9;0.4;1.4;3.8
03/04;124;2.9;0.4;0.1;5.4
03/04;125;6.9;1;0.1;1.2
03/04;128;14.8;6.1;0.3;4.5
03/04;129;4.2;2.9;0;1.9
03/04;151;4;0.6;0.1;2.2
03/04;153;15.3;1.3;2.5;8.1
03/04;154;20.9;5.9;0.7;5.5
03/04;155;7;5.8;0.1;2.1
03/04;157;4.8;0.8;0.2;2
03/04;158;10.9;1;1.2;8.5
03/04;159;10.3;6.9;0.1;3.4
03/04;160;10.2;1.2;0;3.1
03/04;162;9.5;1.7;3;12.4
03/04;181;13.6;4.5;0.1;3.6
03/04;182;10.2;3.6;0;1.7
03/04;183;1;0.1;0;0.2
03/04;187;4.6;0.5;0.2;3.2
03/04;190;6.5;0.4;0.5;5
03/04;193;18.7;2.9;0.5;6.7
03/04;194;2;0.5;0.4;2
03/04;203;5.7;0.4;1.4;4.6
03/04;205;14.4;1.9;0.3;4.4
03/04;207;2.2;1;0.5;5
03/04;209;7.8;1.7;0.3;4.7
03/04;212;6.6;0.9;0.4;5.2
03/04;213;5;1.3;0;1.3
03/04;224;11.6;1.1;0.9;6.5
03/04;227;12;6.8;0.3;3.4
03/04;228;18.8;2.4;0.4;5.3
03/04;240;23;4.8;0.2;5.1
03/04;242;10.5;1.9;0.9;8.6
03/04;243;19.8;7.3;0.2;3.3
03/04;245;24.2;5;2.2;13.9
03/04;246;6.8;2.5;0.1;2.3
03/04;247;2.2;0.3;0.2;1.4
03/04;248;23;5.1;0.6;6.5
03/04;249;1.7;0.2;0.4;2.7
03/04;250;13.7;1.5;0.5;4.9
03/04;254;3.5;0.9;0.2;2.5
03/04;261;18.4;5.4;0.2;2.6
03/04;263;10.6;4.5;0.2;2.6
03/04;265;16.7;4.4;0.3;4.7
03/04;268;3.3;0.2;0.2;2.9
03/04;283;5.9;2.2;1.54;1.6
03/04;285;10.3;0.9;1.3;7.2
03/04;287;15.3;2.6;0.2;5.5
03/04;288;7.3;0.7;0.3;6.3
03/04;291;19;2.7;1.3;9.3
03/04;292;8;0.7;0.5;2.3
03/04;294;16.2;4.5;0.6;4
03/04;295;10.9;6.8;0.1;2
03/04;300;10;1.5;0.6;4.5
03/04;301;18.3;3.7;0.7;5.3
03/04;305;6.2;2.8;0.1;1.8
03/04;307;14.1;4.3;1.2;10.3
03/04;308;0.5;0;0;0.5
03/04;309;5.8;1.7;0.2;2.5
03/04;310;13.6;1.5;0.4;10.1
03/04;313;9.4;1.1;0.9;6.8
03/04;320;3.4;0.5;1.6;4.2
03/04;322;0.9;0.3;0.3;1.7
03/04;323;6.8;0.5;0.3;1.4
03/04;324;6.1;0.7;1.2;7.7
03/04;325;3.7;0.5;0.4;2.4
03/04;326;10.7;4.4;0;3.2
03/04;327;1.1;0.8;0;0.5
03/04;329;8.3;1.4;0.2;3.2
03/04;330;24.2;2.1;0.2;6.3
03/04;331;12.2;2.7;0.2;4.7
03/04;332;3.8;0.8;0.4;4.2
03/04;340;10.2;4.5;0.2;2.8
03/04;341;8.5;1.3;0.7;3.8
03/04;343;16.6;6.2;0.4;5.5
03/04;347;13.8;2.1;0.2;3.5
03/04;349;28;5.5;0.6;6
03/04;350;5.6;0.4;1.9;6.7
03/04;353;3.2;0.3;0.5;3.5
03/04;354;17.5;1.5;1.9;9
03/04;361;10.8;5.8;0.3;3.5
03/04;363;6.9;1.4;0.4;3.1
03/04;364;22.3;3.1;2.7;12.4
03/04;365;20.6;3.3;0.4;5.2
03/04;366;12.8;3.8;0.2;0
03/04;367;4.8;1.2;0.6;3.4
03/04;371;14.7;5.5;0.1;3.2
03/04;372;13.4;6.1;0.1;3.8
03/04;373;11.1;1.9;1;8.3
03/04;374;2;0.5;0.2;1.3
03/04;375;3.8;2.7;0;1.6
03/04;382;5.9;2.8;0.1;1.6
03/04;385;1.2;0;0;0.3
03/04;386;7.8;1.4;0.8;4.6
03/04;391;0.2;0.6;0;2
03/04;400;19.6;5;0.2;4.6
03/04;402;9.2;1.9;0.3;4.8
03/04;403;8;4.2;0.1;2
03/04;404;7;0.6;1.3;5
03/04;405;14.8;0.9;0.4;6.3
03/04;406;2.5;1;0.15;1
03/04;409;4.6;0.7;0.2;3.1
03/04;410;11.4;1.7;0.3;3.3
03/04;411;8.9;0.9;1.6;6.7
03/04;420;12.6;5;0.1;2.6
03/04;423;6.8;1.3;0.1;4.3
03/04;425;6.2;2.2;0.1;1.4
03/04;427;3.1;0.4;1;3.8
03/04;428;1;0.5;0;0
03/04;431;17.8;2.2;0.7;6.5
03/04;434;9.2;1.9;0.4;4.5
03/04;440;4.2;0.4;0.6;2.6
03/04;443;12.3;0.8;1.9;12
03/04;444;8.6;1.4;0.8;5.5
03/04;445;17;2;0.3;4.9
03/04;446;17.3;3.2;0.4;3.8
03/04;447;15.3;9.2;0.2;6.4
03/04;448;10.5;4.2;0.1;2.5
03/04;449;13.6;1;1.2;10.3
03/04;450;21.8;2.7;1.4;8.7
03/04;451;13.9;4;0.1;3.6
03/04;452;16.8;5.4;0.2;4.1
03/04;454;7.4;1.4;0.5;4
03/04;462;10.6;3.9;0.2;2.9
03/04;464;22.5;4.8;0.9;4.8
03/04;465;2.3;0.6;0.9;3.6
03/04;467;5;1.6;0.7;3.2
03/04;468;18.5;3.8;0.3;5.7
03/04;470;3.1;0.7;0.3;1.6
03/04;471;9.4;0.5;1.5;4.9
03/04;472;16.4;1.8;0.4;7.3
03/04;481;21;2.8;0.5;6.1
03/04;482;12;5.3;0;5.3
03/04;483;8.6;1.8;2.6;10.1
03/04;484;4.4;2.4;0;2.2
03/04;487;3.2;0.2;1.2;2.9
03/04;490;16.7;2.5;1.3;9.5
03/04;491;3;0.4;0.3;2.7
03/04;492;11.8;2.2;0.5;6.5
03/04;501;15.5;2;0.7;11.4
03/04;503;6;1;0.2;3.9
03/04;505;16.2;2;0.1;8
03/04;506;3.3;1.5;0.1;1.5
03/04;507;16.5;3.1;2.8;8.1
03/04;508;4.5;0.5;0.1;1.5
03/04;511;9.6;1;0.9;5.9
03/04;520;8.5;2.1;0.2;2.6
03/04;523;11.7;2.9;0.2;5.9
03/04;524;6.1;0.8;0.3;7.4
03/04;528;10;0.7;0.6;6.2
03/04;529;12.4;2.5;0.3;2.5
03/04;530;20.1;2.1;2.5;10
03/04;532;6.4;0.8;0.3;1.3
03/04;533;8.3;5.8;0.3;2.6
03/04;541;16.9;5.7;0.1;3.5
03/04;542;9.4;1.9;0.1;2.1
03/04;543;17.6;4;0.2;3.6
03/04;544;9.6;1.5;0.2;3.8
03/04;546;3.5;2.6;0.2;2
03/04;549;8.4;1.1;0.6;6.6
03/04;550;10.3;2.3;0.8;4.8
03/04;551;8.3;1;3.1;7.2
03/04;554;17;2.5;1.6;6.6
03/04;561;6.2;1.2;0.4;3.6
03/04;563;3.5;0.5;0.6;3.3
03/04;566;0.6;0.5;0.1;1
03/04;567;16.2;1.4;1.6;10.7
03/04;569;5.5;2.4;0.1;1.6
03/04;572;5.7;5;0.2;2.2
03/04;573;8.6;0.8;0.3;4.7
03/04;580;7.9;2.4;0.1;1.8
03/04;581;11.2;1.3;0.2;2.9
03/04;582;4.5;2.4;0.5;4.5
03/04;583;11.85;1.7;0.2;2.95
03/04;586;14.5;8.8;0.1;3
03/04;587;21.5;2.9;2.5;11.5
03/04;588;4.1;0.5;0.1;1.5
03/04;589;10.5;0.9;1.1;7.3
03/04;590;20.6;1.4;1.6;9
03/04;601;4.5;1.3;0.1;4
03/04;604;5;0.7;0.2;2.4
03/04;605;18.9;7.2;0.2;3.7
03/04;607;13.3;1.7;0.4;6.4
03/04;608;18.1;3.1;0.2;4.6
03/04;611;5.3;0.5;0.2;2.2
04/05;2;6.2;1.9;0.1;3
04/05;3;4;0.6;0.3;3.2
04/05;6;9.9;6.1;0.3;3.2
04/05;7;6.7;0.3;0.8;4.4
04/05;8;2.1;0.4;0.3;3.1
04/05;12;5;0.5;0.3;1.8
04/05;13;6.8;3.3;0.1;1.5
04/05;14;20.4;3.7;0.6;9.4
04/05;21;20;2.6;2.1;9.5
04/05;23;1.3;0.3;0;0.3
04/05;25;9.1;1.2;1.1;6.7
04/05;26;10.1;9;0.1;2.6
04/05;27;7.4;5;0.4;3
04/05;28;22.2;3.4;0.1;6
04/05;29;16;1.8;0.4;2.7
04/05;30;3;1;0;0.8
04/05;32;5.1;1.4;0.3;2.7
04/05;33;12;1.5;0.2;3.3
04/05;42;7;0.9;0.4;4.9
04/05;43;9;2;0.3;3.9
04/05;44;6.4;1.3;0.9;6.1
04/05;48;5.3;0.9;0;1.7
04/05;50;2.2;1.5;0.2;2.5
04/05;51;1.8;0.2;0.5;1.2
04/05;52;13.4;2.9;0.3;3.9
04/05;61;5.9;1.1;0.2;3
04/05;62;27.6;6;0.8;5.9
04/05;65;11.9;4.1;0.1;2.9
04/05;66;17.8;2.4;1.7;7.3
04/05;67;1;0;0.3;0.5
04/05;69;9.8;0.7;1.4;6.7
04/05;70;5.9;1.2;0.2;3
04/05;71;15.2;3.7;1;10.2
04/05;72;11.8;1.4;0.5;4.6
04/05;74;2.9;1.5;0.1;1.8
04/05;75;3.2;1.5;0.2;2.3
04/05;84;13;1.2;0.8;7.4
04/05;86;3.9;1.3;0.2;1.8
04/05;90;4.1;0.6;0.3;2.9
04/05;91;0;0;0;1.5
04/05;92;8.5;0.8;0.1;2
04/05;94;5.9;1;1.7;6.6
04/05;103;17.8;4;2.41;1.8
04/05;104;16.1;0.6;0.9;5.4
04/05;105;4.9;0.2;1.4;3
04/05;106;6.8;2;0.4;4.9
04/05;107;10.6;2.5;0.4;3.1
04/05;109;21.7;8.1;0.1;3
04/05;111;18.9;1.9;0.4;9.6
04/05;112;14.9;2;0.3;6.1
04/05;114;6.3;0.8;0.2;4.5
04/05;121;2.5;0.2;0.7;2.9
04/05;124;4.9;0.7;0.2;9.3
04/05;125;7.7;1.8;0.1;2.3
04/05;127;9;3;0.6;5.7
04/05;128;13.6;6.9;0.1;4.1
04/05;129;1.1;0.7;0.1;1.9
04/05;151;7.4;1.4;0.2;2.6
04/05;153;16.9;1.3;2.1;8.6
04/05;154;27.2;7.2;0.6;7.4
04/05;155;11.6;4.3;0.1;2.8
04/05;157;4.8;0.8;0.1;1.1
04/05;158;11;0.9;0.5;7.3
04/05;159;4;3.9;0.2;1.9
04/05;160;15.5;2.4;0.2;3.7
04/05;161;4.9;0.5;0.7;4.8
04/05;162;9.7;1.7;2.4;12.2
04/05;163;4.5;1.4;0.2;1.7
04/05;182;12.4;4.5;0.2;1.7
04/05;183;9;0.7;0.1;2.4
04/05;187;8;0.8;0.3;4.2
04/05;190;10.9;0.5;1;8.1
04/05;192;15.1;0.9;1.7;10.9
04/05;193;21.7;3.9;0.4;5.9
04/05;194;11.1;2;1.3;5.5
04/05;203;7.3;0.4;1.3;8.3
04/05;204;3.5;1.7;0.1;1.4
04/05;205;17.2;2.7;0.3;3.9
04/05;207;1.4;0.8;0.5;4.2
04/05;209;16.4;2.7;0.2;5.9
04/05;210;0.9;0.1;0;0.6
04/05;212;2.1;0.4;0.3;2.4
04/05;213;10.2;6.1;0.1;3.1
04/05;222;11.7;2.2;0.4;5.3
04/05;223;5.9;4.9;0;2.6
04/05;224;14.4;1.6;0.9;9.2
04/05;225;15.1;2;0.1;2.6
04/05;227;15.7;6.4;0.3;3.9
04/05;228;22;4.7;0.3;6.3
04/05;231;8.4;1.5;0.4;4.8
04/05;240;23.9;3.7;0.1;4.4
04/05;241;6.4;0.8;0.3;2.9
04/05;242;10.8;9;0.6;9
04/05;243;13.5;5.1;0.2;2.7
04/05;245;22.2;5.7;1.4;13.5
04/05;246;11.1;1.8;0.2;1.5
04/05;247;2.5;0.4;0.6;2.9
04/05;248;21.6;4.2;0.5;6.6
04/05;249;3.9;0.4;0.5;4.2
04/05;250;8.1;1.8;0.5;4.4
04/05;254;6.3;1.6;0.3;4.5
04/05;261;19.6;6.8;0.4;4.2
04/05;262;10.1;1.9;0.4;6
04/05;263;12.2;5.2;0.1;2.5
04/05;265;17.1;3.5;0.3;5.1
04/05;268;6.2;0.8;0.5;5.1
04/05;270;9.7;1.7;2;6.2
04/05;283;4.6;1.8;0.98;1.6
04/05;285;9.4;1.6;0.8;4.8
04/05;287;16;3;0.3;3
04/05;288;10.9;1.4;0.5;9.1
04/05;291;19.4;1.9;1.5;11.3
04/05;292;10.4;0.8;2.3;7.1
04/05;294;24.1;6.8;1.1;5.2
04/05;295;10.1;5.6;0.1;1.7
04/05;296;2.3;1;0;0.3
04/05;300;16.8;2.1;0.5;7.3
04/05;301;24.6;3.1;0.9;6.4
04/05;305;8.4;4.8;0.2;2.8
04/05;306;2.9;0.5;0.1;1.3
04/05;307;15.6;3.9;1.2;9.3
04/05;308;5.4;0.6;0.4;3.3
04/05;309;4.1;2;0.2;2.1
04/05;310;11.3;1.6;0.1;6.6
04/05;311;5.9;1.9;0.1;1
04/05;313;9.6;1.1;0.9;7.7
04/05;320;7.7;1.1;1.5;6.1
04/05;322;1.7;0.3;0.1;1.2
04/05;323;6.5;1;0.4;2.3
04/05;324;8;0.8;1.8;9.7
04/05;325;7.3;1;0.9;4.1
04/05;326;11.4;3.9;0.1;2.6
04/05;327;6.4;2.4;0;1.5
04/05;329;12.5;2.1;0.2;4.1
04/05;330;20.1;2.1;0.2;4.3
04/05;331;10.4;1.2;0.4;3.3
04/05;332;6.2;0.8;0.5;4.3
04/05;340;14.2;6.4;0.1;3.5
04/05;341;9.9;1.6;1;5.2
04/05;343;21.3;7;0.4;5.8
04/05;347;12;2.4;0.1;3.4
04/05;349;25.7;5.7;0.7;6.2
04/05;350;4;0.1;1.3;5.3
04/05;353;3.9;0.4;0.9;4.9
04/05;354;18.3;0.8;2;8.4
04/05;361;7.4;2.2;0.2;2.3
04/05;362;7.2;0.6;0.2;3.5
04/05;363;8.2;1.5;0.5;3.5
04/05;364;20.3;2.7;2.6;11.1
04/05;365;19.3;3;0.3;5.8
04/05;366;16;3.9;0.4;0
04/05;367;6;1.1;0.8;3.6
04/05;371;16.6;6.1;0.1;3.7
04/05;372;15.8;5.7;0;3.8
04/05;373;11.5;2;1;10.4
04/05;375;5.3;1.9;0;1.5
04/05;382;4.3;1.6;0;1.6
04/05;385;4.9;0.8;0.4;2.3
04/05;386;11.1;1.2;1.2;6.9
04/05;391;6.4;1;2.1;7.7
04/05;400;25.5;5.1;0.3;4.7
04/05;402;15.5;1.9;0.3;5.8
04/05;403;11.2;4.1;0;2.3
04/05;404;9.4;0.8;1.7;6.8
04/05;405;19.6;2.3;0.2;7.6
04/05;409;7.5;1.4;0.2;4.2
04/05;410;7.8;1.3;0.2;1.9
04/05;411;7.1;0.4;1.1;5.2
04/05;420;5.4;3.2;0;1.5
04/05;423;9.6;1.8;0.1;3.1
04/05;425;5.2;1.8;0.2;1.2
04/05;426;6.4;0.7;0.1;3.1
04/05;427;4.5;0.7;2;5.5
04/05;428;4.6;0.4;0.1;1.7
04/05;430;12;0.9;1.7;10
04/05;431;20.5;1.3;0.9;5.5
04/05;432;8.7;3;0;2.4
04/05;434;14;2.3;0.3;3.5
04/05;440;5;0.3;0.5;2.1
04/05;443;9.2;0.9;1.4;8.5
04/05;444;12.6;1.4;0.6;6.4
04/05;445;9.6;1.5;0.1;3.6
04/05;446;12.7;2.7;0.5;5.1
04/05;447;14.4;8.3;0.1;7.4
04/05;448;9.75;4.1;0;2.05
04/05;449;11.7;1.3;1;8.9
04/05;450;26.1;3.1;1.5;9.7
04/05;451;14.9;2.3;0.2;3.3
04/05;452;12.4;5.4;0.2;2.4
04/05;454;7.3;0.9;0.1;3.5
04/05;462;2.3;2.2;0.1;1.3
04/05;464;21.7;3.9;0.7;4.6
04/05;465;1;0.4;0.7;1.8
04/05;466;5.7;2.2;0.2;1.3
04/05;467;6.6;1.6;0.4;2.7
04/05;468;22.2;4;0.5;7.3
04/05;469;10;1;0.8;5.3
04/05;470;3.1;0.6;0;1.9
04/05;471;10.1;0.7;1.5;4.6
04/05;472;10.4;1.2;0.3;5
04/05;481;20.8;2.8;0.4;5.7
04/05;482;13.6;4.4;0;2.4
04/05;483;10.3;2.3;3;10
04/05;484;2.7;2.4;0.3;1
04/05;487;4.6;0.2;1.3;3
04/05;490;15.5;2.4;1.1;7.3
04/05;491;4.2;0.9;0.2;2.8
04/05;492;9.6;1.5;0.9;5.9
04/05;493;10.3;1.9;0.1;2
04/05;501;17.8;2.8;0.5;9
04/05;503;4.3;1.2;0.1;3.3
04/05;505;14;1.8;0.2;6.2
04/05;506;9.5;5;0.2;2.7
04/05;507;15.6;3.2;3.3;6.2
04/05;508;11.5;2.2;0.4;4.6
04/05;511;12.9;2;0.8;7.5
04/05;520;9.1;2.1;0.2;3.6
04/05;523;13.4;2.6;0.3;5.5
04/05;524;7;0.7;0.2;9
04/05;527;6.1;0.3;1.3;3.1
04/05;528;15.4;1.4;0.5;10.8
04/05;529;7;1.3;0.2;2
04/05;530;24.3;1.9;2;8.8
04/05;532;0.9;0.2;0.1;0.7
04/05;533;15.4;6.4;0.3;4
04/05;541;16.5;5.8;0.1;3.4
04/05;542;8;1.8;0.1;1.9
04/05;543;18.7;4.9;0.2;3.9
04/05;544;10.2;1.7;0.2;4.2
04/05;546;3.8;1.7;0.2;1.6
04/05;549;9.6;0.9;0.7;6.3
04/05;550;14.7;3;0.9;5.3
04/05;551;4.8;0.5;2.5;5.3
04/05;554;14.5;1.7;1.5;8.2
04/05;560;5.6;0.4;0.6;4.6
04/05;561;3.2;0.5;0.2;2
04/05;563;3.7;0.5;0.6;3
04/05;566;2.2;0.8;0.1;2.1
04/05;567;11.5;1.2;0;6.6
04/05;569;10;5.9;0.3;2.5
04/05;571;0.9;0.1;0.4;0.3
04/05;572;7.7;4.5;0.2;2.1
04/05;573;7.9;0.7;0.4;4.2
04/05;574;6.3;0.9;0.3;2.3
04/05;580;7;2;0.1;2.1
04/05;581;12.3;1.4;0.1;0.1
04/05;582;4.8;2.3;0.3;2.6
04/05;583;13.5;1.7;0.1;2.2
04/05;584;19.7;3.3;0.4;4.7
04/05;585;3.3;0.3;0.5;2.4
04/05;586;15.5;11.5;0.1;3.3
04/05;587;22.9;2.7;2.3;10.4
04/05;588;4.8;0.8;0;1.2
04/05;589;2;0.2;0.2;2.6
04/05;590;26;1.6;1.6;8.9
04/05;601;3.8;1.3;0.2;3.1
04/05;603;3.6;0.4;0.8;3.9
04/05;604;8.9;1.3;0.2;3.7
04/05;605;19.5;8.3;0.4;3.9
04/05;607;17.5;3.2;0.3;7
04/05;608;18.7;2.3;0.3;4.9
04/05;611;9.5;0.7;0.3;2.8
05/06;2;6.7;1.7;0.3;2.9
05/06;3;3.2;0.3;0.2;2.7
05/06;5;7.6;1;0.1;4.9
05/06;6;7.8;3.9;0.3;3.1
05/06;7;7.9;0.5;0.8;5.1
05/06;8;1.2;0.2;0.3;2.3
05/06;9;7.9;0.8;0.3;1.8
05/06;12;8;1.5;0.3;2.4
05/06;13;9.5;3.6;0.1;1.8
05/06;14;12.2;2;0.4;5.1
05/06;21;24.7;2.6;2.5;10
05/06;23;3.3;2.1;0.1;0.8
05/06;25;11.9;1;1.4;9.6
05/06;26;12.6;8.8;0.1;3.2
05/06;27;5.8;4.5;0.5;3
05/06;28;17.8;2.1;0.1;5.3
05/06;29;14.8;3;0.5;4.3
05/06;30;11.5;3.7;0.2;3.3
05/06;31;3;0.2;0.1;2.2
05/06;32;4.7;1.2;0.2;2.5
05/06;33;4.3;0.7;0.3;1.3
05/06;42;7.4;1;0.6;6.6
05/06;43;3.4;0.9;0;1.5
05/06;44;3.6;1;0.6;4.8
05/06;50;0.5;0.8;0;1.4
05/06;51;1.5;0.4;0.6;1.1
05/06;52;13.7;2.7;0.4;5.4
05/06;54;4.1;0.4;0.3;2.1
05/06;61;4.7;0.7;0.1;3.9
05/06;62;35.4;4.5;0.4;5.3
05/06;63;1.6;0.2;0.5;1.7
05/06;65;13.3;4.3;0.1;2.6
05/06;66;20.4;4.6;1.9;8.9
05/06;67;1.7;0;0.6;1.3
05/06;69;10.2;1;1.2;6.3
05/06;70;1.3;0.3;0.3;1.6
05/06;71;14.8;5.5;0.8;9.2
05/06;72;9.3;1.5;0.3;4
05/06;73;2;0.3;0.4;1.6
05/06;74;3.9;1.7;0;1.9
05/06;75;5;2.3;0.2;3.6
05/06;84;12.4;0.6;0.4;5.6
05/06;85;5.5;4.5;0.1;2.2
05/06;86;3.6;0.6;0.2;1.7
05/06;87;12.2;6.6;0.1;4.3
05/06;89;6.7;0.8;0.2;3.1
05/06;90;3;0.5;0.3;2.5
05/06;91;1.2;0.2;0;0.8
05/06;92;4.1;0.7;0.1;1.4
05/06;94;4.5;0.4;1.1;3.9
05/06;103;14.3;3.8;0.2;3.1
05/06;104;13.6;0.3;0.8;6
05/06;105;3;0.3;0.5;2
05/06;106;6.4;1.9;0.6;4.9
05/06;107;9.6;2.3;0.3;2.5
05/06;108;5.1;0.6;0.3;4.5
05/06;109;16.3;6.4;0.1;2.9
05/06;111;18;1.9;0.2;8
05/06;112;8.2;1.6;0.1;4.2
05/06;113;9.3;2;0;2.3
05/06;114;4.4;0.9;0.2;3.6
05/06;121;1.4;0.4;0.3;1.6
05/06;124;5.9;0.6;0.1;6.7
05/06;125;7;0.5;0;1.5
05/06;127;12.3;3.1;0.3;5.9
05/06;128;13.7;8.2;0.2;4.3
05/06;129;2.7;1.4;0;2.9
05/06;130;131;19;12;133
05/06;132;1.9;0.3;0;0.6
05/06;151;7.5;1.3;0.2;2.6
05/06;153;15.6;1.2;1.7;7.6
05/06;154;31.4;6.6;0.8;7
05/06;155;6.7;2.1;0;1.6
05/06;156;1;0.1;0.2;2.2
05/06;157;4.5;0.5;0.1;1.5
05/06;158;8.6;0.7;0.3;5.2
05/06;159;4.8;4.2;0.2;2.4
05/06;160;20.1;2.8;0.4;4.8
05/06;161;4.6;0.4;0.4;4.9
05/06;162;7.3;1.9;2.2;11.3
05/06;163;11.8;4.6;0.6;4.1
05/06;181;5.8;2.1;0.2;2.6
05/06;182;12.6;3.8;0.1;1.4
05/06;183;7.6;0.4;0.1;2
05/06;187;4.8;0.5;0.2;2.1
05/06;189;8.2;1;0.5;4.7
05/06;190;6.2;0.5;0.6;5.2
05/06;192;13.2;1.2;1.9;10
05/06;193;23.2;3.1;0.5;5.8
05/06;194;15.2;1.7;2.1;7.5
05/06;201;8.4;2.2;0.1;2
05/06;202;9.4;2.3;0.8;7
05/06;203;5.2;0.3;0.6;3.1
05/06;204;3.6;1;0.1;1.3
05/06;205;10.8;0.9;0.2;4.3
05/06;207;1.4;0.4;0.4;3.6
05/06;209;13.4;2.3;0.3;4.4
05/06;210;1.7;0.2;0;0.9
05/06;211;13;1.1;0.8;6.4
05/06;212;5.3;0.8;0.4;3.6
05/06;213;12.1;4;0.1;2.5
05/06;222;14.3;1.9;0.6;6.6
05/06;223;8.7;5;0;3
05/06;224;10.7;0.7;0.6;8.4
05/06;225;16.9;3;0.1;2.7
05/06;227;15.9;6.3;0.3;3.6
05/06;228;15.5;3.6;0.6;4.5
05/06;231;13;1.4;0.6;6.1
05/06;240;25.1;3.7;0.2;4.3
05/06;241;7.2;1.3;0.3;2.2
05/06;242;9;1.2;0.7;7.3
05/06;243;17.2;6.3;0.1;3.7
05/06;245;21.8;4.1;1.4;12.7
05/06;246;9.8;1.8;0.2;1.6
05/06;247;5.2;1;1.5;5.9
05/06;248;26.8;4.7;0.4;6.7
05/06;249;3.8;0.5;0.4;4.8
05/06;250;7.2;1.3;0.3;4.8
05/06;254;2.9;0.7;0.3;1.6
05/06;261;21.1;5.4;0.1;2.9
05/06;262;10;1.8;0.5;5.2
05/06;263;12.3;4.8;0.1;2.7
05/06;265;20.2;6.5;0.4;4.1
05/06;268;11.7;1.7;0.5;7.9
05/06;270;11.3;2.4;2.6;6.6
05/06;271;9.7;1.2;0.1;1.9
05/06;273;8.5;0.8;0.3;4.8
05/06;283;12;4.7;2.4;2.9
05/06;284;1.6;0;0;1.3
05/06;285;10.3;0.8;0.9;4.8
05/06;287;19.1;4.8;0.3;4.5
05/06;288;9.3;1.2;0.2;7.8
05/06;291;21.8;1.8;1.7;11.8
05/06;292;7.8;0.2;2.7;5.5
05/06;294;27.2;6.7;0.8;5.7
05/06;295;12.3;4.9;0.1;2.4
05/06;296;2.9;0.4;0.1;1.6
05/06;300;12.3;2.1;0.6;5
05/06;301;16.9;4.2;0.8;5.2
05/06;303;5.6;1.4;0.7;2.8
05/06;305;9.2;4.3;0.3;2.2
05/06;306;10.8;1.3;0.1;3.6
05/06;307;15;4.7;0.8;7.8
05/06;308;3.3;0.6;0.3;2.8
05/06;309;7.5;2.7;0.2;2.7
05/06;310;9.1;2;0.5;7.5
05/06;311;5.1;1.7;0;1
05/06;313;5.8;0.6;0.6;5.1
05/06;320;5;0.2;1.3;4.8
05/06;322;1.3;0.4;0.1;1.3
05/06;323;8.7;0.5;0.6;2.9
05/06;324;5.3;1;1.3;9
05/06;325;9.8;1.3;0.8;4.9
05/06;326;20.3;5.8;0;3.3
05/06;327;4.8;1.6;0;1.1
05/06;328;16.1;7.8;0.1;5.1
05/06;329;16.8;2.3;0.2;4.6
05/06;330;16.5;2.2;0.1;5.3
05/06;331;13.6;2.8;0.5;7.7
05/06;332;17.1;1.2;0.9;7.4
05/06;340;12.1;6.7;0.2;4
05/06;343;16.2;5.7;0.2;4.8
05/06;345;3.7;0.4;0.3;4.5
05/06;346;8.8;2.7;0.1;3.3
05/06;347;11.4;2.7;0;3.1
05/06;349;24.4;4.8;0.9;6.5
05/06;350;2.6;0.1;0.9;4.8
05/06;353;2.3;0.1;0.9;4.1
05/06;354;22.3;1.5;1.6;10.2
05/06;361;5.8;1.7;0.4;2.1
05/06;362;7.5;0.7;0.4;3.6
05/06;363;7.5;1.5;0.4;3.9
05/06;364;18.6;3.2;2;11
05/06;365;18.6;2.9;0.5;4.5
05/06;366;15.1;3.6;0.4;0
05/06;367;5.1;1.3;0.8;3.8
05/06;370;1.7;0.5;0.2;2.1
05/06;371;18.9;5.8;0.1;3.3
05/06;372;11.7;4.7;0;3.5
05/06;373;8.6;1.1;1;7.8
05/06;374;2.8;0.8;0;2.1
05/06;375;3.4;1.5;0;1.1
05/06;382;8.2;4.5;0.1;2.1
05/06;383;12.3;0.8;0.7;5.8
05/06;384;6.7;2.8;0;2
05/06;385;9.3;0.8;0.6;3.4
05/06;386;7.8;1.4;0.9;5
05/06;390;3.8;0.7;0;0.9
05/06;391;6.1;0.8;2.3;7
05/06;394;1.3;0.3;0;0.5
05/06;395;6.6;0.6;0.2;2.1
05/06;400;29.3;6.1;0.3;3.5
05/06;401;2.2;0.3;0.2;1.3
05/06;402;17.6;2.5;0.2;6.2
05/06;403;9.6;3.6;0.1;2.2
05/06;404;7.3;0.6;1.3;5.9
05/06;405;20.5;1.9;0.2;9.3
05/06;409;9.2;1.4;0.3;4
05/06;410;11;2;0.2;2.9
05/06;411;4.7;0.2;1;3.9
05/06;420;10.8;2.9;0;2.2
05/06;423;8.5;2.5;0.2;4.7
05/06;425;9.4;2.2;0.1;1.6
05/06;426;5;0.8;0.2;2
05/06;427;4.5;0.4;1.6;5.5
05/06;428;4.9;0.7;0.2;1.9
05/06;430;15.8;1.5;1.4;12.5
05/06;431;20.1;2.3;0.6;5
05/06;432;14.6;4.9;0.2;2.9
05/06;434;14.9;2.8;0.3;4.3
05/06;440;4.9;0.4;0.3;2.6
05/06;442;2.3;0.1;0.2;2.3
05/06;443;5.7;0.6;1.3;7.8
05/06;444;15.6;1.9;0.4;6.3
05/06;445;11.8;1.4;0.1;6.7
05/06;446;11.8;2.4;0.4;3.7
05/06;447;13.3;8.4;0.4;7.3
05/06;448;13.5;3.1;0;1.6
05/06;449;9.2;0.7;1;9.5
05/06;450;26.6;2.8;1;9
05/06;451;13;2.9;0.2;2.8
05/06;452;17.1;3.8;0.3;2
05/06;453;1.8;0.3;0.1;0.8
05/06;454;6.3;1;0.5;3.9
05/06;462;2.1;1.4;0.1;1.3
05/06;464;24.7;4.3;0.7;5.8
05/06;465;2.3;0.3;1.8;4.6
05/06;466;9.9;3.2;0.3;2.2
05/06;467;9.2;2.6;0.4;2.8
05/06;468;19.5;3.8;0.2;6.8
05/06;469;13.5;1.1;0.8;6.4
05/06;470;5;0.9;0.2;2
05/06;471;8.9;0.4;0.8;4.4
05/06;472;8.9;0.7;0.2;3.6
05/06;481;26.5;2.7;0.5;4.9
05/06;482;11.4;3;0.1;1.7
05/06;483;12.8;2.1;3.3;11.9
05/06;484;3.3;2.2;0.2;1.4
05/06;487;6.1;0.2;1.1;3.9
05/06;489;3.5;0.2;0.2;1.9
05/06;490;12.9;1.4;0.9;6.3
05/06;491;5.4;0.8;0.5;5.1
05/06;492;0;0;0;0
05/06;493;7.7;1.1;0.1;2
05/06;501;16.3;2.7;0.2;8.6
05/06;503;5.3;1.2;0.3;4.2
05/06;505;12.5;1.4;0.2;5.2
05/06;506;3.3;1.1;0.1;1.1
05/06;507;15.3;4.3;3.2;8
05/06;508;11.5;2;0.3;3.3
05/06;509;3.4;0.7;0.1;1.7
05/06;511;18;2.4;0.9;9.1
05/06;512;2.1;0.4;0;0.5
05/06;513;10.8;4.5;0.2;2.4
05/06;520;10.2;2.8;0.2;3.6
05/06;521;3.8;0.7;0;0.9
05/06;522;7;0.4;0.4;3.3
05/06;523;11.5;2.9;0.4;4.9
05/06;524;5.9;0.8;0.4;9.1
05/06;525;2.25;0.33;0.06;1.16
05/06;526;7.5;1.2;0.8;4.9
05/06;527;5.7;0.2;0.9;3.8
05/06;528;14;1.4;0.3;10
05/06;529;9.9;2.5;0.1;1.8
05/06;530;19.4;2.6;2.3;9.3
05/06;531;3;0.3;0;0.9
05/06;532;10.1;1.1;0.3;2.2
05/06;533;9.3;5;0.1;3.2
05/06;541;18.5;8.6;0.1;3.1
05/06;542;12.3;2;0.1;2.3
05/06;543;20.1;3.4;0.2;3.2
05/06;544;9.3;1.3;0.1;3.6
05/06;546;2.9;2.1;0;1.3
05/06;547;6.7;1;0.7;1.3
05/06;548;2.3;0.1;0.2;1.1
05/06;549;7.8;1.1;0.6;5.3
05/06;550;14.1;2.3;0.5;4.2
05/06;551;4.9;0.5;1.6;5.1
05/06;554;15.1;2.3;1.6;6.8
05/06;560;7.5;0.3;0.5;5.6
05/06;561;2.2;0.4;0;1.4
05/06;563;4.9;0.7;0.6;4.7
05/06;566;4.6;1.7;0.2;4.4
05/06;567;9.3;0.7;0.5;6.1
05/06;568;5.2;0.2;0.8;4.4
05/06;569;11.5;7;0.3;3
05/06;571;6.4;0.2;1.2;5.6
05/06;572;7.5;3.5;0.2;1.9
05/06;573;4.5;0.4;0.4;3.6
05/06;574;6.5;1.3;0.2;2.3
05/06;580;13.1;2.8;0.1;2.6
05/06;581;14.7;2.6;0.3;3.2
05/06;582;13.3;6.2;1;6.9
05/06;583;8.8;1.7;0.1;1.9
05/06;584;15.1;2.3;0.3;3.8
05/06;585;3.2;0.3;0.3;1.7
05/06;586;18.8;10.5;0.2;4.2
05/06;587;20;1.9;1.8;9.2
05/06;588;2;0.4;0;0.8
05/06;589;2.3;0.4;0.5;2.7
05/06;590;8.7;0.7;1;5.3
05/06;601;3;0.4;0.1;1.9
05/06;603;3.8;0.4;0.7;4.2
05/06;604;8.2;1.2;0.1;4.1
05/06;605;17.9;8.9;0.3;4.4
05/06;606;6.8;1.6;0.2;2.1
05/06;607;18.6;3.4;0.2;6.9
05/06;608;16.4;2.8;0.5;3.9
05/06;611;9.3;0.6;0.2;3.1
06/07;2;4;0.9;0.1;4
06/07;3;3.6;0.4;0.3;2.8
06/07;4;10.1;2.8;0.3;2.7
06/07;5;12.1;1.6;0.2;5.6
06/07;6;5.3;2.1;0.2;2.6
06/07;7;16;1.3;1.5;11
06/07;8;1.1;0.2;0.2;1.6
06/07;9;5;1;0.2;1.3
06/07;11;7.4;0.6;0.2;5.1
06/07;12;4.9;1;0.3;2.1
06/07;13;6.1;2.8;0.1;1.4
06/07;14;8.5;1.7;0.2;4.3
06/07;21;20.5;2.9;2.2;9.3
06/07;22;1.6;0.2;0.2;1.4
06/07;23;3.3;1.4;0;0.9
06/07;24;1;0;0;0.8
06/07;25;10.1;1.1;1.5;7.8
06/07;26;9.1;6.6;0.1;2.6
06/07;27;9.3;5.1;0.5;3.4
06/07;28;16.9;2.8;0.2;5.9
06/07;29;13.8;2.5;0.3;3.4
06/07;30;11.1;2.8;0.1;2.5
06/07;31;1.7;0.4;0;2.7
06/07;32;5.2;1.1;0.4;2.3
06/07;33;11;2.3;0.4;5
06/07;41;2.4;0.1;0.1;1.9
06/07;42;8.4;1.8;1.2;6
06/07;43;4.5;1.1;0;2.1
06/07;44;2.1;0.6;0.5;4
06/07;47;10.8;4.5;0.9;4.5
06/07;49;5.8;3.2;0.1;3.1
06/07;50;2.2;1.3;0;1.8
06/07;51;8;1.1;1.8;5.5
06/07;52;18.5;4.3;0.3;5.4
06/07;54;12.7;0.9;0.4;5.1
06/07;61;8.9;1.1;0.3;4.4
06/07;62;31.6;5.4;0.5;5.7
06/07;64;4.4;1.9;0.1;1.7
06/07;65;10.1;3.3;0.1;1.8
06/07;66;20.8;3.4;2.1;9.8
06/07;67;0.8;0.3;0.2;0.5
06/07;70;3.1;0.1;0;2
06/07;71;15.9;4.8;0.6;9.8
06/07;72;6.6;1.2;0.3;3.3
06/07;73;5.3;0.9;1.1;3.6
06/07;74;4.3;0.9;0;1.5
06/07;75;11.4;4.3;0.3;5
06/07;82;2.9;0.3;0.4;1.6
06/07;84;5;0.4;0.4;3.2
06/07;85;8.7;5;0.1;1.7
06/07;86;5.2;1.1;0.1;3.2
06/07;87;14;7.9;0.1;3.1
06/07;88;8.5;1.9;0.2;4.9
06/07;89;6.4;0.6;0.1;3.1
06/07;90;3.8;0.3;0.3;3.1
06/07;91;4.2;0.3;0.3;3
06/07;92;10.9;1.2;0;2.7
06/07;94;6.2;0.9;1;4.5
06/07;95;12.4;2.1;0.2;3.9
06/07;100;4.9;0.6;0.6;4.3
06/07;102;4.5;1.6;0.1;2
06/07;103;17.6;4.4;0.1;3.2
06/07;104;19.5;0.8;0.5;7
06/07;105;1.9;0.1;0.4;1.6
06/07;106;4.1;1.2;0.6;4.3
06/07;107;7.6;1.4;0.3;2.1
06/07;108;10.7;1.8;0.4;10.4
06/07;109;16.4;5.4;0.1;2.9
06/07;110;0.8;0.2;0.2;1.8
06/07;111;23.6;2.2;0.2;10.1
06/07;112;13;2.2;0.1;7.2
06/07;113;10.1;1.4;0.1;2.4
06/07;114;3;1;0.1;2.7
06/07;120;1.6;0.1;0.8;2.8
06/07;121;1.6;0.4;0.7;1.8
06/07;122;6.6;0.4;0.3;1.9
06/07;124;4.9;0.7;0.2;7
06/07;125;11.3;1.5;0.1;2.1
06/07;127;18.2;5.7;0.4;5.7
06/07;128;13;9.1;0.2;4.5
06/07;129;3.8;2.5;0.1;2.1
06/07;130;58;4;10;54
06/07;132;4.3;1.8;0;1.1
06/07;151;11.6;2.6;0.2;4.3
06/07;152;4.6;1.2;0.1;1.5
06/07;153;11.9;1.6;1.3;7.7
06/07;154;27.3;6;0.7;6.7
06/07;155;6.6;1.6;0;1.1
06/07;156;0.8;0;0;1.5
06/07;157;9;1.6;0.2;2.4
06/07;158;5.1;0.3;0.6;3.6
06/07;159;4.2;4;0.2;2.3
06/07;160;15;1.7;0.1;3.1
06/07;161;6.8;0.9;0.6;6.7
06/07;162;6.4;2.4;2;10.7
06/07;163;12.2;4.4;0.5;3
06/07;181;8;2.7;0.1;2.3
06/07;182;14;4.5;0;2.2
06/07;183;12.1;1.3;0.1;2.9
06/07;187;2.6;0.2;0;1.5
06/07;188;2.4;0;0.3;1.1
06/07;189;11.9;1.9;0.7;6.7
06/07;190;5.6;0.2;0.8;4.5
06/07;191;11.8;2.1;0.1;2.9
06/07;192;14.4;1.2;2.6;11.3
06/07;193;16;3.4;0.6;5.1
06/07;194;18.1;2.6;1;7.2
06/07;201;13.5;3;0.1;2.9
06/07;202;12.3;3;0.5;8.8
06/07;203;4.8;0.5;0.6;4.6
06/07;204;3;0.8;0.1;1
06/07;205;13.7;1.5;0.3;4.6
06/07;207;0.6;0.2;0.3;2.1
06/07;211;11.8;0.9;0.3;5.8
06/07;212;4.4;0.6;0.3;3.5
06/07;213;17.3;6.1;0.1;4.8
06/07;220;3.2;0.4;0.1;0.9
06/07;222;18.8;2.5;0.6;7.1
06/07;223;7.2;4;0.1;2.2
06/07;224;11.1;1.1;0.3;8.5
06/07;225;21.4;3.6;0.2;3.1
06/07;227;16.6;6.3;0.3;3.4
06/07;228;14.9;3.7;0.4;3.8
06/07;231;14.1;1.1;0.4;5.7
06/07;232;3.6;0.8;0.2;2.2
06/07;233;2.9;0.3;0.5;2.5
06/07;234;5.2;0.6;1.1;3.7
06/07;240;26.4;4.1;0.2;4.5
06/07;241;11.5;1.7;0.4;3.8
06/07;242;6.1;0.7;0.7;4.8
06/07;243;12.3;4.7;0.1;2.9
06/07;245;22.4;4.1;1.7;12.8
06/07;246;8.4;1.2;0.1;1.6
06/07;247;4.5;1.3;1.3;5.2
06/07;248;25;4.1;0.3;5.9
06/07;249;1;0.1;0;1.3
06/07;250;7.7;1.3;0.3;5
06/07;251;4.2;0.2;0.3;3.4
06/07;253;6.4;3.8;0.1;3.7
06/07;254;4;1.1;0.3;1.9
06/07;261;17.1;4.7;0.1;3.2
06/07;262;13;2.3;0.6;6.2
06/07;263;5.3;4.4;0.1;1.9
06/07;265;25;4.4;0.2;4.2
06/07;266;3.3;0.2;0.7;2.3
06/07;268;12.2;1.5;0.5;6.9
06/07;269;1.6;0;0;0.4
06/07;270;16.4;3.3;2.9;8.6
06/07;271;7.7;1;0;1.2
06/07;273;13.1;1.9;0.5;5.3
06/07;283;4.9;1.3;0.89;0.8
06/07;284;2.3;0.2;0.1;1.5
06/07;285;12.3;0.8;0.7;6.2
06/07;287;17;4.8;0.2;3.9
06/07;288;10.7;1.2;0.3;8.3
06/07;289;4.4;0.3;0.6;3.1
06/07;291;17.5;1.7;1.5;9.8
06/07;292;8.6;0.2;2.3;4.5
06/07;293;3.4;1.5;0;0.7
06/07;294;27.4;7.5;1.2;4.7
06/07;295;10.9;5.3;0;2.3
06/07;296;6;1.4;0.7;4.1
06/07;300;9.9;1.4;0.5;5
06/07;301;18.8;3.4;0.6;6.5
06/07;302;2.8;0.4;0.1;0.9
06/07;303;6;1.1;0.5;2.6
06/07;305;7.5;4.6;0.1;2
06/07;306;20.2;2.2;0.1;4.3
06/07;307;9;3.6;0.6;6.4
06/07;308;9.8;0.9;0.8;5.1
06/07;309;8.5;3.2;0.3;3.3
06/07;310;5.3;1.2;0.3;6.1
06/07;311;4.7;1.7;0;1.1
06/07;313;2.6;0.6;0.4;3.2
06/07;321;3.1;0.2;0.5;2.7
06/07;323;10.1;0.8;0.7;3.2
06/07;324;9.5;0.9;1.8;12.4
06/07;325;2.9;0.6;0.2;1.6
06/07;326;10.1;3.6;0.1;2
06/07;327;9.2;2.5;0.1;2.2
06/07;328;17.3;8.9;0.1;4.4
06/07;329;8.9;0.7;0.2;3.3
06/07;330;17.8;0.8;0.3;4.2
06/07;331;7.8;1.1;0.5;4.3
06/07;332;18.3;2.2;0.7;8.2
06/07;340;13.3;5.4;0.1;3.4
06/07;343;11.3;3.9;0.3;3.6
06/07;345;5.6;0.6;0.2;6.7
06/07;346;10.9;2.4;0.1;3.2
06/07;347;10.6;2.5;0.1;3.2
06/07;349;24.6;6.5;0.5;5.3
06/07;350;3.1;0.2;1;6.5
06/07;351;1.5;0.2;0;0.7
06/07;354;25;2;2;9.4
06/07;361;8.5;1.8;0.2;2.1
06/07;362;4.9;0.4;0.2;2.8
06/07;363;6.2;1.4;0.3;2.7
06/07;364;20;3.4;2.4;10.6
06/07;365;15.7;2.6;0.3;4.1
06/07;366;16.5;3.5;0.4;0
06/07;367;3.9;1.1;0.6;3.4
06/07;368;2.5;0.4;0;1.3
06/07;370;4.4;0.9;0.3;4.7
06/07;371;18.6;5.5;0.1;3.2
06/07;372;7.5;4.8;0;2.2
06/07;373;4.6;0.4;0.4;5.7
06/07;374;8.4;1.5;0.2;3.7
06/07;375;3;2;0;1.1
06/07;381;9;0.4;1.2;5
06/07;382;8.3;6.6;0.1;2.5
06/07;383;9.5;0.9;0.6;5.5
06/07;384;12;5.3;0.1;2.6
06/07;385;6.4;0.6;0.6;2.3
06/07;386;3.7;0.3;0.4;2.6
06/07;390;3.8;1.3;0;0.7
06/07;391;2;0.3;1.6;3.9
06/07;392;3.7;3.3;0;1.4
06/07;393;16.8;4;0.2;4.4
06/07;394;0;0;0;0
06/07;395;7;0.6;0.2;2.9
06/07;400;28.4;6;0.2;4.6
06/07;401;3.7;0.7;0.6;3.4
06/07;402;19.1;3.7;0.3;7.4
06/07;403;7.1;3.6;0.1;1.9
06/07;404;6.6;0.4;1.1;6.2
06/07;405;19.8;1.9;0.5;8
06/07;406;2.7;1;0.1;1.2
06/07;409;7.6;1;0.3;3.6
06/07;410;11.2;2.7;0.2;2.6
06/07;411;6.1;0.4;1.4;5.8
06/07;420;7.7;2.8;0;1.9
06/07;421;1;1;0;1.5
06/07;423;5.1;1;0;1.6
06/07;425;7.9;1.7;0.2;1.3
06/07;426;8.4;1;0.2;2.9
06/07;427;2.2;0.4;1;2.6
06/07;428;2.2;0.4;0;1.3
06/07;430;17.6;1.9;1.9;12.3
06/07;431;22.4;2.4;0.6;6.6
06/07;432;13;4.3;0.1;3.1
06/07;434;13.3;3.2;0.2;4
06/07;440;4;0.3;0.3;2
06/07;442;2;0.1;0.1;2
06/07;443;7.1;0.6;1.1;7.4
06/07;444;18.9;1.8;0.8;6.8
06/07;445;9.7;1.6;0.1;5.9
06/07;446;5.6;1.1;0.1;2.1
06/07;447;13;9.2;0.3;8.2
06/07;448;11;3.6;0;1.9
06/07;449;6.5;0.4;0.8;6.1
06/07;450;24.6;3.4;0.8;8.9
06/07;451;12;2.8;0.2;2.2
06/07;452;16.7;5.2;0.2;2.9
06/07;453;4.5;0.9;0.2;2.8
06/07;454;6.4;0.6;0.4;3.6
06/07;462;5.6;2.4;0.1;1.7
06/07;464;25.2;4.8;0.4;6
06/07;465;2.3;0.4;1.4;5.4
06/07;466;10.2;3.7;0.3;2.5
06/07;467;6.7;2.7;0.3;3.2
06/07;468;16.3;2.7;0.2;4.4
06/07;469;16.4;1.8;0.9;6.8
06/07;470;9.2;0.8;0.3;3.3
06/07;471;7.8;0.3;1.1;4.6
06/07;473;6.8;3.3;0;2.1
06/07;481;28.9;3.8;0.3;6
06/07;482;13.2;4.6;0.1;1.7
06/07;483;11.2;3.2;3.3;11.7
06/07;484;3;5.5;0.5;1.5
06/07;485;4.4;0.9;0.1;1.7
06/07;487;6.4;0.4;1.1;4.8
06/07;489;7.6;0.6;0.2;3.4
06/07;490;9.5;0.5;0;10
06/07;491;6.6;0.9;0.3;4.1
06/07;492;12.2;1.2;0.9;7
06/07;493;13;1.4;0.1;2.3
06/07;501;20.9;3;0.3;11.7
06/07;502;4.6;0.4;0.1;1.3
06/07;503;2.5;0.7;0.1;2.1
06/07;505;11.6;1.3;0.1;4.6
06/07;506;9;4;0;3.6
06/07;507;8.3;2.9;2.1;4.7
06/07;508;14.4;1.4;0.3;3.5
06/07;509;2.7;0.7;0.1;0.9
06/07;510;6.8;0.8;0.9;5.2
06/07;511;17.6;2;0.5;7.2
06/07;512;3.3;0.8;0.1;1.2
06/07;513;16.2;9.3;0.2;3.3
06/07;520;7.1;1.3;0.2;1.8
06/07;521;3.8;1.3;0;0.7
06/07;522;7.2;0.3;0.6;3.7
06/07;523;11.4;3;0.3;4.8
06/07;524;4.3;0.8;0.5;8.1
06/07;525;3.2;0.4;0.1;1.5
06/07;526;13.9;1.4;0.7;4.6
06/07;527;3;0.3;0.5;1.8
06/07;528;8.9;2.3;0.6;6
06/07;529;6.7;2.7;0.2;1.6
06/07;530;13.6;2.4;2.6;9.6
06/07;533;12.8;6.9;0.3;3.3
06/07;534;3.9;0.5;0.2;1.8
06/07;541;17;7.2;0.2;3.4
06/07;542;8.9;1.5;0.1;1.5
06/07;543;19.6;3.8;0.2;3.8
06/07;544;7.2;1;0.2;2.6
06/07;545;9.2;0.5;0.2;2.9
06/07;546;4.9;1.8;0.1;0.9
06/07;547;5.9;0.4;1.6;4.6
06/07;548;5;0.2;0.9;2.8
06/07;549;8.1;0.9;0.8;6
06/07;550;14.3;2.8;0.7;5.2
06/07;551;2.5;0;1.5;3.5
06/07;554;12.3;1.7;1.6;7.2
06/07;560;9.6;0.6;0.8;8.1
06/07;561;1.3;0.3;0.1;0.9
06/07;563;5;0.8;0.8;4.8
06/07;564;4.6;0.8;0.3;2.5
06/07;566;2.5;1.1;0.1;2
06/07;567;7;0.6;0.5;4
06/07;568;6.2;0.6;0.6;4.1
06/07;569;11;5.2;0.3;2.3
06/07;570;1.9;0;0.4;1.6
06/07;572;9.4;5.7;0.3;2.4
06/07;573;13.5;1;0.5;7.7
06/07;574;8.8;1.9;0.2;2.8
06/07;580;18.1;4;0.2;2.7
06/07;581;14.7;2.5;0.3;2.7
06/07;582;9.7;4.8;0.5;4.3
06/07;583;10.6;1;0.1;2.1
06/07;584;14.4;3.6;0.9;3.6
06/07;585;2;0;0.3;1
06/07;586;18.6;11.6;0.1;3.5
06/07;587;17.3;2;1.4;7.4
06/07;588;2.5;0.4;0.1;0.8
06/07;589;4.4;0.9;1;5.7
06/07;590;20.4;1;1.3;9.6
06/07;600;7.1;0.7;0.2;2.3
06/07;601;9.8;2.1;0.5;4.6
06/07;603;9.5;1.1;1.7;9.3
06/07;604;3.7;0.7;0.1;2.5
06/07;605;20.1;8.1;0.5;4.4
06/07;606;16.5;4.1;0.3;3.2
06/07;607;15.9;2.2;0.2;6.3
06/07;608;14.1;3.1;0.5;2.6
06/07;609;1.9;0.6;0.5;1.3
06/07;611;11.1;0.7;0.8;4.5
07/08;2;4.1;1.3;0.1;2.2
07/08;3;2.4;0.3;0.4;2
07/08;4;13.1;4.2;0.1;3.3
07/08;5;12.6;1.6;0.1;5.6
07/08;6;8.3;4.1;0.4;3
07/08;7;21;1.4;1.5;11.1
07/08;8;0.5;0.2;0.1;1.9
07/08;9;14.9;2.2;0.2;2.7
07/08;10;1.9;0.3;0.2;2.6
07/08;11;9.4;0.8;0.2;4.6
07/08;12;3.8;0.9;0.1;1.3
07/08;13;9.3;5.9;0.2;2.3
07/08;14;8;1;0.2;3.7
07/08;21;17.5;2;2;6.8
07/08;22;2.5;0.5;0.3;2.1
07/08;23;5.3;2.6;0;1.4
07/08;24;4.3;0.6;0.5;3.7
07/08;25;15.7;1.9;2.8;12.7
07/08;26;4.6;4.4;0.2;1.9
07/08;27;0;0;0;0
07/08;28;22.1;2.7;0.1;5.6
07/08;29;12.8;2.6;0.4;3.6
07/08;30;4.8;1.7;0.3;2.1
07/08;31;5.5;0.7;0.4;5.2
07/08;32;4.1;1.2;0.4;2.3
07/08;33;12.4;2.7;0.5;5.1
07/08;34;12.7;1.2;0.5;4.5
07/08;35;0;0;1;0
07/08;41;1.7;0.2;0.1;1.6
07/08;42;3.1;1.1;0.3;3.7
07/08;43;3.4;0.6;0.1;2.4
07/08;44;2;0.2;0.3;2.1
07/08;45;9.3;4.2;0;2.6
07/08;46;5;1.5;0;2.4
07/08;47;20.4;6.2;1;6.2
07/08;48;2;0.4;0;1.2
07/08;49;9.6;3.6;0.3;3
07/08;51;7.2;0.8;1.6;6.1
07/08;52;16.4;3.4;0.2;6.7
07/08;53;10.9;2.1;0;2.5
07/08;54;11.4;0.7;0.4;4.7
07/08;61;6.5;1.5;0.3;3.5
07/08;62;28.7;5.4;0.5;6.4
07/08;63;7.8;1.1;1.6;5.9
07/08;64;9.1;2.7;0.1;2.2
07/08;65;11.7;2.8;0;2.1
07/08;66;18.9;3.7;1.5;7.9
07/08;67;1.9;0.25;0.6;1.8
07/08;68;1.8;0.5;0.1;0.8
07/08;69;3.6;0.6;0.6;3.3
07/08;70;4.3;0.3;0.2;2.8
07/08;71;14.2;3.5;0.9;10.6
07/08;72;8.4;1.9;0.2;3.3
07/08;73;6.6;1.6;1.4;3.9
07/08;74;8.8;1;0.1;2.1
07/08;75;7.2;2.9;0.2;3.9
07/08;81;10.2;1.2;0.4;3.8
07/08;82;2.7;0.2;0.3;1.7
07/08;84;4.1;0;0.2;1.4
07/08;85;11.6;8.2;0.1;2.9
07/08;86;9;1.8;0.1;4.4
07/08;87;12.1;6.1;0;2
07/08;88;3.1;0.4;0;2.1
07/08;89;3.9;0.3;0;1.7
07/08;90;5.7;0.4;0.4;3.7
07/08;91;3;0.5;0;0.5
07/08;92;7.2;0.8;0;1.5
07/08;93;8.5;1.2;1.4;6.2
07/08;94;7.8;1.2;0.7;4.8
07/08;95;12.5;2.2;0.2;4.1
07/08;100;3.4;0.6;0.5;3.3
07/08;101;7.3;0.9;0.5;3.6
07/08;102;3;1.8;0.2;1.6
07/08;103;20.5;5;0.2;2.6
07/08;104;13.2;0.5;0.5;4.7
07/08;105;2;0;0;1.5
07/08;106;3.7;0.9;0.3;3.3
07/08;107;7.6;2.4;0.3;2.4
07/08;108;10.8;1.2;0.4;8.9
07/08;109;13.9;4.7;0.1;2.5
07/08;110;3.1;0.1;0.1;2.1
07/08;111;17.6;2;0.2;10.3
07/08;112;8.1;1.8;0.2;4.8
07/08;113;12.7;2.9;0;3.1
07/08;114;3.5;0.6;0.1;2.1
07/08;120;1.3;0;0.1;0.8
07/08;121;0.8;0.3;0.6;1.2
07/08;122;5.8;0.5;0.3;2.1
07/08;124;5.2;0.8;0.1;7.5
07/08;125;12.3;1.9;0.3;2.4
07/08;126;0;0;0;0
07/08;127;19.8;4.8;0.6;5.4
07/08;128;17;6.9;0.1;4
07/08;129;1.8;1;0;0.7
07/08;130;8;3;3;11
07/08;131;4.5;0.3;0.7;3
07/08;132;11.5;3.2;0.2;2.1
07/08;133;7.8;0.7;0.1;4.2
07/08;150;0;0;0;0
07/08;151;7.4;2.3;0.1;3.3
07/08;152;10.7;2.5;0.2;2.4
07/08;153;14.1;1.4;1.4;9.3
07/08;154;30;7.2;1.1;7.9
07/08;155;6.5;1.9;0;1.1
07/08;156;1.4;0.2;0.4;2.5
07/08;157;7.4;1.6;0.1;2.5
07/08;158;11.2;0.9;0.6;5.3
07/08;159;1;1.9;0.2;0.9
07/08;160;13.1;1.4;0.1;2.7
07/08;161;6.7;1.1;0.5;8.3
07/08;162;5.1;1.8;1.6;8.8
07/08;163;10.3;4.5;0.7;3.7
07/08;181;5;1.6;0;1.9
07/08;182;5.3;2.6;0;0.9
07/08;183;9;0.9;0.2;2.8
07/08;184;3.2;0.4;0.4;1.6
07/08;185;5.8;1.1;0.1;3.9
07/08;186;14.1;7.2;0.2;2.9
07/08;187;2.1;0.2;0.2;1.9
07/08;188;2.3;0.2;1.8;0.5
07/08;190;3.3;0.3;0.4;3.5
07/08;192;13.8;0.9;1.7;10.7
07/08;193;21.8;3.1;0.7;5.4
07/08;194;19.4;3.5;0.9;6
07/08;201;7.6;3.1;0;2.5
07/08;202;14.2;2.6;1.8;9.8
07/08;203;3.1;0.2;0.6;2.9
07/08;204;5.6;2.1;0.1;1.6
07/08;205;9.7;2.1;0.5;4.3
07/08;206;22.7;3.4;0.2;4.3
07/08;207;2;0.5;0.4;4
07/08;208;8.1;7.5;0.2;3.4
07/08;209;7.6;1.1;0.1;3.2
07/08;210;3.5;0.6;0;2.1
07/08;211;11.7;1;0.5;6.1
07/08;212;2.2;0.3;0.5;2.2
07/08;213;17.2;6.3;0.2;3.5
07/08;214;8.6;0.8;0.9;5.2
07/08;220;2.3;0;0.5;0.3
07/08;222;17;2.5;0.5;6.3
07/08;223;5.8;4;0;1.8
07/08;224;12.65;1.35;0.95;8.8
07/08;225;19;3;0.1;3.1
07/08;226;3.8;0.7;0.2;2.4
07/08;227;12;6;0.3;3.4
07/08;228;12.4;3.2;0.2;3.2
07/08;229;0.7;0;0;0.3
07/08;230;6.6;1.1;0.9;5.6
07/08;231;13.2;1.2;0.5;4.2
07/08;232;6.7;1.9;0.4;3.7
07/08;233;0.6;0;0.7;2.1
07/08;234;6.8;1.2;1;4.6
07/08;240;17.9;3.1;0.2;3.7
07/08;241;6.4;1.5;0.3;2.2
07/08;242;2.3;0.6;0.4;3.9
07/08;243;12.8;4.7;0.1;2.8
07/08;244;4.3;0.4;0.3;2.8
07/08;245;19;3.5;1.2;9.3
07/08;246;7.5;1.9;0.1;2.1
07/08;247;6.9;1.1;1.5;6.1
07/08;248;19.6;4.5;0.4;5.1
07/08;249;1.8;0.1;0.3;1.7
07/08;250;7.4;1.5;0.3;4.4
07/08;251;7.9;0.3;0.3;4.1
07/08;252;2.1;0.9;0;0.5
07/08;253;10.6;5.1;0.2;4.2
07/08;254;1.8;0.8;0.2;1.6
07/08;261;13.7;6.7;0.1;2.9
07/08;262;11.8;1.5;0.6;4.9
07/08;264;10.2;1.5;0.9;9.6
07/08;265;21.7;5.8;0.2;4.5
07/08;266;1;0;0.1;1.2
07/08;267;4.2;1;0;1
07/08;268;5.2;0.6;0.2;4
07/08;269;0;0.3;0;0.3
07/08;270;17.2;3.4;2.8;8.2
07/08;271;5.7;0.8;0.1;0.7
07/08;272;0.9;0.2;0.1;0.8
07/08;273;14.8;1.7;0.4;5.7
07/08;281;6.9;1.8;0;1.8
07/08;282;3.9;0.2;1.2;4.1
07/08;283;9.5;3;1.33;2.1
07/08;284;6.3;0.6;0.2;4.1
07/08;285;8.4;0.6;0.5;3.7
07/08;286;8.7;1.2;2.9;0.2
07/08;287;13.7;3.2;0.2;4.2
07/08;288;12;1.4;0.4;9
07/08;289;4.2;0.3;0.2;2.2
07/08;290;5.2;0.2;1.5;3.5
07/08;291;1.43;2.5;0.9;11.2
07/08;292;6;0.3;1.7;3.7
07/08;293;7.7;2.9;0.1;2
07/08;294;24.6;6.9;0.7;4.2
07/08;295;8.8;4.6;0.1;1.9
07/08;296;7.9;1.4;0.9;5
07/08;300;1.7;0.7;0;1.7
07/08;301;20.5;3.5;0.7;5.7
07/08;302;4.8;0.7;0.2;1.1
07/08;303;12.1;1.6;1.1;3.3
07/08;304;4.3;0.5;0.5;3.1
07/08;305;6.7;4.8;0.2;2.3
07/08;306;23.7;2.1;0.1;4.5
07/08;307;13.4;3.7;1;9.5
07/08;308;8.5;1;0.6;6
07/08;309;12.5;2.6;0.4;4.3
07/08;310;1.4;0.6;0;2.7
07/08;311;12.8;4.3;0.2;3.3
07/08;312;3;0.3;0.3;3
07/08;313;1;0.2;0.2;2.8
07/08;320;1.2;0;0.8;1.8
07/08;321;2.9;0.4;0.5;2.5
07/08;322;2.1;0.5;0.2;1.9
07/08;323;4.9;0.7;0.4;2
07/08;324;11.8;1;1.1;11.8
07/08;325;3.9;0.4;0.3;2.8
07/08;326;6.5;1.6;0.1;1.6
07/08;327;8.1;2.4;0.1;1.6
07/08;328;21.1;11.6;0.1;4
07/08;329;8;0.9;0.1;2.7
07/08;330;16;1.2;0.1;4.3
07/08;331;9.2;1.6;0.5;5.1
07/08;332;20.6;2.3;1.3;8.9
07/08;333;3.9;0.7;0.2;2.1
07/08;340;13.2;5.4;0.2;3.5
07/08;342;5;1.6;0.1;1.1
07/08;343;5.5;3;0.5;2.3
07/08;344;3.7;0.1;0.2;3.1
07/08;345;3;1.1;0.5;5.4
07/08;346;7.7;0.1;1.9;1.8
07/08;347;7.1;1.7;0.1;2.4
07/08;348;8.1;0.5;0.2;4.9
07/08;349;21;5.9;0.4;5.1
07/08;350;3;0.1;1.2;5.1
07/08;351;3.9;0.2;0.1;1
07/08;352;10.3;1.3;0.2;6.4
07/08;353;0.9;0.3;0;0.1
07/08;354;22;2.3;2;10.8
07/08;361;7.3;1.8;0.2;1.9
07/08;362;4.9;0.5;0.2;2.8
07/08;363;6.1;1.1;0.3;2.8
07/08;364;19.3;2.8;2;11.3
07/08;365;10.1;1.5;0.1;3.2
07/08;366;19.8;4.5;0.4;0
07/08;367;2.5;1;0.4;2.4
07/08;368;4.4;1.2;0.2;3
07/08;369;3.5;0.2;0.7;0.8
07/08;370;4.8;1.2;0.2;5.2
07/08;371;18.8;6;0.1;3.2
07/08;372;7.3;3.9;0;2.4
07/08;373;7.5;1.3;1;8.8
07/08;374;5.8;0.9;0.2;3.1
07/08;375;4.1;2.1;0;1
07/08;381;17.7;1.6;1.2;7.6
07/08;382;8.6;5.1;0;5.5
07/08;383;6.8;0.7;0.3;4.5
07/08;384;9.9;3.8;0;2.9
07/08;385;8;0.6;0.3;2.8
07/08;386;1.7;0.2;0.4;1.7
07/08;387;1.5;0.3;0;1.3
07/08;390;6.9;3.8;0.1;1.7
07/08;391;4.8;0.4;1.2;8.4
07/08;392;2.5;1.7;0;0.8
07/08;393;19.1;5.8;0.2;4.7
07/08;394;1.3;0.2;0.1;0.5
07/08;395;10.7;1.2;0.4;3.9
07/08;400;20.9;5.7;0.1;4.1
07/08;401;7.3;1.1;1.4;5.1
07/08;402;20.3;4.9;0.3;6.7
07/08;403;8.6;4.9;0;2.9
07/08;404;10.7;1.7;0.9;7.2
07/08;405;21.4;1.5;0.4;10.2
07/08;406;9.1;1.7;0.2;1.7
07/08;407;1.3;0.6;2;0.4
07/08;408;3.6;0.2;0.1;1.9
07/08;409;6.2;1.7;0.2;3.4
07/08;410;11.2;3.1;0.2;2.9
07/08;412;7.3;0.9;0.1;1.5
07/08;420;7;3.4;0;1.8
07/08;421;1.3;0.1;0.1;1
07/08;422;6.7;0.7;0.9;5.6
07/08;423;8.9;1.2;0.1;3.2
07/08;424;4;0.5;0.25;2
07/08;425;8.1;1.8;0.1;1.4
07/08;426;4.4;1.7;0.1;1.3
07/08;427;1.8;0.2;0.5;2.5
07/08;428;2.2;0.4;0;1.3
07/08;429;1.2;0;0;1
07/08;430;20.9;1.4;2.2;14.3
07/08;431;18.2;2.4;0.5;5.4
07/08;432;10.9;5.6;0.1;3.5
07/08;434;19.5;5;0.3;5.7
07/08;440;3.4;0.6;0.4;2.9
07/08;441;4.3;1.3;0;1.1
07/08;442;8.1;0.7;0.6;4.3
07/08;443;6.1;0.9;1.5;7.6
07/08;444;19.9;2.2;0.4;7.1
07/08;445;1.2;1.6;0;1.2
07/08;446;3.7;1.5;0.2;2.8
07/08;447;9.9;9.5;0.4;6.5
07/08;448;11.4;1.8;0.1;1
07/08;449;1.7;0;0;1.1
07/08;450;23.6;3.5;0.9;8.6
07/08;451;10.7;2.5;0.2;2.3
07/08;452;15.5;3.2;0.2;2.5
07/08;453;7.3;1.6;0.4;3
07/08;454;3.6;0.6;0.2;2.6
07/08;461;6.9;1.8;0;1.8
07/08;462;2.4;1.4;0;1.3
07/08;463;8.2;0.8;0.9;7.3
07/08;464;21.5;5.1;0.4;6
07/08;465;3;0.5;1.2;5.2
07/08;466;16.1;6.6;0.3;3.4
07/08;467;2;0.5;0.1;1.5
07/08;468;22.6;3.1;0.3;4.2
07/08;469;6.5;0.6;0.4;4.3
07/08;470;9.8;1.2;0.3;3.5
07/08;471;6.8;0.6;1;3.7
07/08;473;5.9;2.6;0.1;1.9
07/08;474;5.6;0.4;1.5;4.4
07/08;481;26.1;3.4;0.5;7.4
07/08;482;4.4;1.9;0.1;1.2
07/08;483;9.3;3.3;3.3;13.3
07/08;484;7.8;5.5;0.4;2.9
07/08;485;2.8;0.7;0.1;1.1
07/08;486;1.6;0.65;0;0.6
07/08;487;1.8;0;0.3;1.3
07/08;489;11.1;1.2;0.2;4.2
07/08;490;12.4;1.3;1.2;6.5
07/08;491;5.9;1.2;0.5;4.3
07/08;492;5.3;0.9;0.9;5.4
07/08;493;12.3;1.7;0.2;2.1
07/08;500;1.4;0.3;0;0.2
07/08;501;21.4;2.8;0.5;10.5
07/08;502;12;1.8;0.2;0.2
07/08;503;1.7;0.5;0.1;1.7
07/08;504;1.6;0.2;0.3;2.8
07/08;505;8.2;1.1;0.2;3.1
07/08;506;2.8;1.5;0.1;1
07/08;507;11;4;1.5;4.7
07/08;508;9.9;1.4;0.5;2
07/08;509;5;0.9;0.1;1.3
07/08;510;8.1;1;0.9;5.6
07/08;511;14.5;2;0.4;7.7
07/08;512;3.7;1.3;0.1;0.8
07/08;513;18.8;10.5;0.3;3
07/08;520;8.2;1.9;0.2;2.9
07/08;521;6.9;3.8;0.1;1.7
07/08;522;5.6;0.3;0.1;2.8
07/08;523;19.1;3.5;0.4;5.2
07/08;524;6.4;1.7;0.4;8.7
07/08;525;4;0.4;0;1
07/08;526;18.9;2.1;1;6
07/08;527;4;0.3;1.1;2.2
07/08;528;12.2;2.2;0.4;7.2
07/08;529;7.5;3.4;0.1;1.9
07/08;530;14.3;2.2;2.1;6.7
07/08;531;4;1.5;0.1;1.5
07/08;532;8.3;1.3;0.3;2.4
07/08;533;11.9;8.4;0.3;3.6
07/08;534;6.7;0.9;0.4;2.7
07/08;540;3.5;0.7;0.1;1.7
07/08;541;17.2;6.9;0.2;2.8
07/08;542;4.3;1.8;0.1;1.3
07/08;543;17.7;4.1;0.2;3.3
07/08;544;6.7;0.7;0.1;2.1
07/08;545;2.7;0.5;0;1.2
07/08;546;2.4;1.4;0.1;0.5
07/08;547;3.6;0.5;1.3;3.8
07/08;548;7.9;0.6;1.1;5.3
07/08;549;8.8;1.1;0.7;8.5
07/08;550;13.2;3.3;0.4;4.9
07/08;551;6.3;0.7;1.9;3.9
07/08;552;1.8;0;0.5;1.8
07/08;553;7.6;2.8;0.1;2.3
07/08;554;12.7;1.8;1.7;6.6
07/08;560;9.6;0.6;0.8;9.3
07/08;561;0;0;0;0
07/08;562;20.3;2.4;0.9;4.4
07/08;563;3.5;0.4;0.3;3.3
07/08;564;4.3;0.8;0.2;1.5
07/08;565;10.3;1.5;0.6;4.7
07/08;566;1.7;0.7;0.1;1.7
07/08;567;3.8;0.3;0.5;3.1
07/08;568;6;0.4;0.6;5.1
07/08;569;6.4;4;0.2;1.5
07/08;570;2.3;0.1;0.5;1.2
07/08;571;1.8;0.1;0.8;2.3
07/08;572;10.7;6.8;0.1;2.9
07/08;573;13.4;1.2;0.6;7
07/08;574;9.2;2;0.2;3.2
07/08;580;15.8;2.7;0.2;2.4
07/08;581;12;2.3;0.4;3.7
07/08;582;8.8;3.9;0.5;4.6
07/08;583;5.33;1.06;0.1;1.46
07/08;584;13.1;2.9;0.9;5
07/08;585;2;0;0.3;1
07/08;586;16.9;11.1;0.1;3.5
07/08;587;13.55;1.8;1.4;11.05
07/08;588;2.4;0.6;0.1;0.8
07/08;589;3.3;0.2;1.2;3.6
07/08;590;25;1.5;2.1;9.1
07/08;591;2.2;0.7;0.2;0.7
07/08;592;3.7;0;0.2;1.3
07/08;600;8.6;0.9;0.4;4
07/08;601;6.8;2;1.21;4.5
07/08;602;2.4;0.4;0;0.4
07/08;603;10.3;1;1.2;9.5
07/08;604;3.9;0.7;0.1;1.6
07/08;605;22;7.6;0.5;4.7
07/08;606;20.1;3.8;0.3;4.9
07/08;607;15.3;1.6;0.2;5.4
07/08;608;20.1;4.1;0.4;4.4
07/08;609;1.5;0.2;0.4;1.2
07/08;610;1.4;0.1;0.3;1.9
07/08;611;7.2;1;0.6;3.7
07/08;612;3.7;1.1;0;1
07/08;613;4;0.2;0.6;2.6
5.6;1;5.6;1.4;0.3;3.6
91/92;350;16.6;2.2;3;12.3
92/93;292;21;1;3.5;10.3
92/93;350;13.8;1.8;3.5;13
92/93;367;10.1;2.4;1;5
92/93;587;23.4;1.9;3.5;13.9
93/94;242;5.7;1.2;1.2;6.2
93/94;243;6.7;2.9;0.1;2
93/94;292;21.5;1.4;3.1;10.2
93/94;350;12;1.5;4.1;11.8
93/94;367;9.9;2.9;0.9;5.4
93/94;546;10.3;4.8;0.1;2.3
93/94;587;29.3;2.4;2.8;13.2
94/95;50;6.5;2;0.4;2.9
94/95;242;8.1;1.7;1.7;6.1
94/95;243;9.5;4.9;0.2;2.6
94/95;292;21.3;1.4;2.9;9.9
94/95;350;11.5;1.4;3.9;12.5
94/95;367;10.2;3.4;1.2;5.1
94/95;445;17.1;2.5;0.2;8.4
94/95;446;14;2;0.6;3.9
94/95;447;11.7;7.7;0.3;5.4
94/95;462;3.3;1;0;0.3
94/95;546;7.5;3.8;0.2;1.8
94/95;567;14.8;1.5;1.2;6.5
94/95;584;19.9;5;0.9;6.4
94/95;587;29.3;2.7;2.4;11.4
94/95;588;7;1;0.2;1.6
95/96;50;10.7;2.5;0.3;3.8
95/96;158;15.3;1;1.6;8.7
95/96;159;2.7;1.7;0;1
95/96;242;11.3;2;1.2;6.9
95/96;243;14.5;4.6;0.1;3.1
95/96;245;10.4;1.8;1.6;6.3
95/96;292;23.2;2.3;2.7;10.4
95/96;350;11;1.5;4.5;11.8
95/96;361;10.1;2.9;0.3;2.1
95/96;365;15;3.5;0.4;4.6
95/96;367;12;4;1.5;5.8
95/96;372;19;9.3;0.3;4
95/96;373;9;0.6;0.5;5.9
95/96;445;22.1;4.4;0.5;8.1
95/96;446;12.8;3.5;0.6;3.3
95/96;447;16.6;9.7;0.3;6.8
95/96;451;19.2;3.9;1.1;3.7
95/96;462;3.2;0.4;0;0.2
95/96;546;8.5;2.4;0.2;2.4
95/96;549;13.4;1;1.5;7.5
95/96;551;4.5;0.2;1.5;4
95/96;554;10.1;1.3;0.8;4.7
95/96;567;5.5;0.8;0.5;3.4
95/96;584;20.2;6.9;0.6;9.8
95/96;587;26.6;2.9;2.1;11
95/96;588;4.6;0.7;0.2;1.6
96/97;14;17.5;3.2;0.6;9
96/97;50;4.1;2;0.4;2.3
96/97;62;7.6;1.3;0.3;1.9
96/97;65;3.9;1.5;0.1;1.2
96/97;109;15.8;7.8;0.3;2.7
96/97;114;3;0.6;0.3;3
96/97;158;18.7;1.6;1.1;8.5
96/97;159;3;2.4;0;1
96/97;162;1.1;0.1;0.3;1.7
96/97;187;4.8;0.3;0.4;3.5
96/97;240;13.4;2.6;0.1;4
96/97;242;9.5;1.2;1.2;8.4
96/97;243;14.8;4.5;0.3;2.3
96/97;245;17;3.1;2.1;8
96/97;292;19.8;1.6;2.9;9.9
96/97;300;18.7;2.2;1;6.9
96/97;313;7.3;0.6;0.8;6.1
96/97;350;13.3;1.4;3.3;11.6
96/97;361;7.5;2.6;0.2;1.9
96/97;363;0;0;0;0
96/97;365;13;2.5;0.2;4.4
96/97;367;6.9;1.7;0.8;3.7
96/97;372;20.2;8.8;0.2;4.1
96/97;373;6.3;0.5;0.5;5.9
96/97;443;5.1;0.6;1;4.1
96/97;445;19.1;3.8;0.3;8
96/97;446;17.2;3.4;0.6;4.1
96/97;447;11.6;9.1;0.4;4.8
96/97;451;20.7;3.1;0.8;4.2
96/97;462;6.1;2.6;0.1;1.1
96/97;483;14.8;1.5;2.1;6.3
96/97;530;4.1;0.2;0.6;2.8
96/97;546;14.2;1.9;0.3;2.8
96/97;549;18.3;1.4;1.7;7.3
96/97;551;5.8;0.2;1.5;3.4
96/97;554;15.1;1.2;0.9;6.8
96/97;567;7.3;0.9;0.8;4.5
96/97;584;21.4;7.3;0.6;9
96/97;586;3.3;2.1;0;1
96/97;587;26.2;3.1;2.9;1.5
96/97;588;6;0.8;0.2;1.6
97/98;14;22.4;3.3;0.7;10.2
97/98;26;9;8.2;0.2;3.2
97/98;33;11;1.2;0.2;3.7
97/98;50;4.5;1.6;0;2.8
97/98;62;15.4;2.5;0.5;3.1
97/98;65;5.8;4.1;0.1;2.4
97/98;95;1.9;0.5;0.1;0.7
97/98;109;17.7;8.6;0.1;2.8
97/98;114;3;0.4;0.1;1.7
97/98;129;3.5;1.85;0;1.1
97/98;153;13.9;0.9;1.6;8.8
97/98;158;17.3;1.4;0.8;6.9
97/98;159;1.5;0.8;0.1;0.2
97/98;162;3.1;0.3;1.1;4.8
97/98;181;11.7;3.4;0.2;2.8
97/98;187;6;0.4;0.5;3.6
97/98;240;19.5;4.3;0.2;4.9
97/98;242;9.6;1.4;1.3;8.6
97/98;243;19.6;8;0.3;3
97/98;245;18.5;4.2;1.8;9.6
97/98;249;2.7;0.3;0.3;2.2
97/98;292;19.2;0.9;2.2;9.6
97/98;300;22.3;2.6;0.9;7.1
97/98;305;7.5;4.3;0.1;2.2
97/98;313;9;0.8;1.3;8.8
97/98;347;11.6;4.7;0.2;4.4
97/98;349;7;1.5;0.9;4.2
97/98;350;13.4;1;3.4;11.4
97/98;361;4.1;1.2;0.2;1.6
97/98;363;5.6;1.3;0.5;2.9
97/98;364;21.1;2.7;2.5;11.9
97/98;367;7.4;2.3;1.3;7.5
97/98;372;19.4;8.1;0.1;4.4
97/98;373;7.4;0.6;0;4.8
97/98;375;3.1;1.9;0;0.8
97/98;403;7.8;4.5;0.1;1.9
97/98;427;3;0.3;0.9;3.3
97/98;443;11.8;1.1;1.7;8.7
97/98;445;18.5;3.3;0.4;7
97/98;446;16.9;3.1;0.7;3.8
97/98;447;11.6;9.1;0.3;6.2
97/98;451;16;3;0.9;3.5
97/98;462;9.2;4.9;0.1;3.3
97/98;472;19.7;1.7;0.4;6.6
97/98;483;12.1;1.8;3.7;7.4
97/98;530;4.5;0.3;1;3.4
97/98;541;11.3;3.3;0.1;2.7
97/98;546;12.1;3.2;0.1;3.5
97/98;549;15.1;1.3;1.7;7.6
97/98;551;6.5;0.6;2.3;5
97/98;554;14.6;2.5;1.1;6.2
97/98;567;15.4;2.2;1;8.6
97/98;584;21.1;6.8;0.6;7.7
97/98;586;9.1;3.4;0.1;2.1
97/98;587;28.3;2.4;2.4;11
97/98;588;11.3;1.3;0.2;3.5
97/98;604;2.9;0.3;0.2;1.7
98/99;3;6.2;0.4;0.3;3
98/99;14;18.7;3.1;0.7;8.5
98/99;26;9.6;7.7;0.2;3.4
98/99;29;9.9;2.5;0.5;2.3
98/99;33;4.6;0.9;0.2;1.9
98/99;50;4.8;2;0.1;2.8
98/99;62;19.9;3.8;1;5.3
98/99;65;5.9;3.9;0;1.8
98/99;94;4;0.5;0;4
98/99;95;1;0;0;0
98/99;105;1.5;0.1;0.4;1.1
98/99;109;23.4;8.7;0.1;2.6
98/99;114;6;0.6;0.5;3.9
98/99;129;1.35;0.2;0;1
98/99;153;15.2;0.8;1.4;8.8
98/99;155;4.5;1.2;0;1.2
98/99;158;13.7;1.6;1.5;8.2
98/99;159;8.6;6.3;0;3.4
98/99;162;6;0.4;2;8.3
98/99;181;10.8;3.8;0.1;2.9
98/99;182;4.2;1.2;0;0.8
98/99;187;9.8;0.4;0.6;6
98/99;190;1.6;0.1;0.2;1.4
98/99;228;9.1;1.5;0.3;3.8
98/99;240;17.1;3.6;0.1;4.2
98/99;242;11.4;1.3;1;6.9
98/99;243;18;4.8;0;1.5
98/99;245;20.8;4.3;1.8;10.4
98/99;248;16.5;2.4;1;6.4
98/99;249;5.1;0.3;1.1;5.1
98/99;261;13.2;6.5;0.1;2.7
98/99;287;4.5;1.3;0.2;1.8
98/99;292;20.1;1.6;3.9;11
98/99;295;12.8;6;0;3.1
98/99;300;23;34;1.1;7.5
98/99;305;5;2.2;0.1;1.5
98/99;307;6.3;0.6;0.5;3.1
98/99;308;2;0;0;0.5
98/99;313;6.6;0.7;0.8;7.5
98/99;330;8.4;1.5;0.2;3
98/99;331;4.4;0.4;0.1;1.3
98/99;347;7.1;3.3;0.1;2.7
98/99;349;9.3;2.3;1.4;5.7
98/99;350;10.8;1.1;2.9;12.2
98/99;361;11.1;3.1;0.3;3.8
98/99;363;2.3;0.9;0.3;1.7
98/99;364;21.7;2.4;2.5;11.4
98/99;365;16;2.8;0.4;4.5
98/99;367;4.9;1.5;1;4
98/99;372;12.6;6.2;0.1;3.3
98/99;373;8.1;1.1;0.3;5.7
98/99;375;2.3;0.6;0;0.6
98/99;386;13.8;0.7;1.4;7.6
98/99;403;4.7;2.3;0.1;1.1
98/99;405;9.6;0.7;0.3;6.4
98/99;427;2.9;0.4;1;4.4
98/99;428;5.6;0.5;0.1;1.9
98/99;431;2.4;0.2;0.1;1.3
98/99;443;8.8;1.1;1.2;7.6
98/99;445;18.9;3;0.4;8.1
98/99;446;13.6;3.1;1.2;3.8
98/99;447;16.9;10.8;0.4;6.8
98/99;448;5;1.7;0;0.4
98/99;450;8.2;1;0.6;3.4
98/99;451;14.5;2.8;0.4;2.5
98/99;462;13.8;6.7;0.1;3.6
98/99;464;18.3;3;1.5;5.7
98/99;472;21.8;1.5;1.3;8.5
98/99;483;7.2;0.3;1.6;5.5
98/99;505;8.2;0.9;0.1;4.3
98/99;530;2.5;0.4;0.4;2.7
98/99;541;13.9;3.8;0.3;2.1
98/99;546;11.9;3.9;0.2;3.4
98/99;549;21.2;1.6;2.3;10.7
98/99;551;11.2;0.6;3;8.1
98/99;554;12.8;1.2;1.1;4.9
98/99;567;11.8;11;0.8;7.1
98/99;584;21.1;6;0.5;7.1
98/99;585;1.4;0;0;0.1
98/99;586;7.9;5.5;0.1;2.9
98/99;587;26.3;2.3;1.7;10.7
98/99;588;10.5;1.1;0.1;2.9
98/99;589;4.1;0;0.6;2.5
98/99;604;3.4;0.4;0.3;1.7
98/99;605;5.9;3.8;0.2;2
98/99;607;2.1;0.2;0.1;1.9
99/00;2;5.7;1.1;0.4;3.6
99/00;3;7;0.8;0.4;4.1
99/00;14;20.5;3.7;0.4;8
99/00;21;20.1;1.9;1.6;10
99/00;26;9.3;7;0.3;3
99/00;28;8.4;0.8;0.3;3.9
99/00;29;15.8;2.6;0.4;3.6
99/00;33;11.8;1.4;0.4;4.2
99/00;50;8;2.9;0.2;3
99/00;62;22.5;4.9;0.9;6.3
99/00;65;6.3;2.8;0;1.8
99/00;71;16.6;4.2;1.2;7.8
99/00;94;5.7;1.1;1;4.6
99/00;95;3.6;0.6;0.2;1.7
99/00;109;23.9;7.6;0.1;3.1
99/00;114;6.7;0.6;0.7;4.5
99/00;121;3.8;0.6;1.3;2.9
99/00;128;11.1;5.8;0.2;3.4
99/00;129;1.8;2.4;0;0.8
99/00;155;5.2;3;0;1.2
99/00;158;9.9;1.1;1.1;6.2
99/00;159;7.9;7.6;0.1;3.2
99/00;160;11.6;2.8;0.3;3.7
99/00;162;4.8;0.8;1.6;8.2
99/00;181;16.9;3.4;0.2;4
99/00;182;5.3;1.8;0;1
99/00;187;13.1;1.2;0.7;1.2
99/00;190;1.9;0.1;0.4;1.8
99/00;207;2.2;0.6;0.4;3.5
99/00;228;22.7;4.1;0.5;5.9
99/00;240;22.1;3.8;0.2;4.4
99/00;242;9.6;1.8;0.8;7.5
99/00;243;18.6;9;0.1;3.7
99/00;245;22.9;5;1.6;11.8
99/00;248;19.5;3;0.9;5.4
99/00;249;5.4;0.6;0.8;5.3
99/00;250;8.2;1.8;0.4;3.9
99/00;261;14.5;8.1;0.2;3.7
99/00;287;4.7;1.3;0.2;1.7
99/00;291;10.2;1.4;1;6.5
99/00;292;21.7;1.6;3.7;9.5
99/00;295;12.3;7.3;0.1;2.8
99/00;300;20.3;3.3;1.1;10.1
99/00;301;12;2.8;0.5;4.3
99/00;305;2.4;1.6;0.1;1
99/00;307;7.7;0.8;0.6;5.3
99/00;308;7.9;0.6;1.1;3.9
99/00;310;8.3;1.6;0.3;6.1
99/00;313;6;0.3;0.5;4.1
99/00;322;2.5;0.4;0.2;2.2
99/00;330;11.9;1.4;0.1;3.7
99/00;331;8.8;1.5;0.2;2.8
99/00;340;2.2;2.6;0;0.9
99/00;343;18;6.6;0.4;5.3
99/00;347;5.1;2.4;0.1;2.1
99/00;349;15.4;3.3;1.9;6.3
99/00;350;11.5;1.3;3.3;14.1
99/00;361;11.8;3.6;0.4;4.7
99/00;363;5.1;0.7;0.4;2.2
99/00;364;23.2;3.2;2.2;12.4
99/00;365;21.5;4.9;0.4;5.3
99/00;367;5.7;1.6;1;4.8
99/00;372;12.5;5.2;0;3.1
99/00;373;8;1;0.5;6.3
99/00;375;3.7;1.6;0;0.8
99/00;386;12.4;1.2;2.2;7.9
99/00;403;6.2;2.6;0.1;1.3
99/00;405;19.6;2.1;0.3;8.3
99/00;427;5.5;0.6;1.8;5.6
99/00;428;8.2;0.7;0.2;2.6
99/00;431;8.2;0.9;0.4;4.1
99/00;443;8;0.9;0.7;6.4
99/00;445;17.8;3;0.3;5.7
99/00;446;20.1;4.2;0.7;4.8
99/00;447;14.3;10.1;0.4;7.2
99/00;448;6;2.1;0;1.5
99/00;450;17.5;2.5;0.8;6.5
99/00;451;23.6;4.5;0.4;3.8
99/00;452;8.1;4.3;0.1;2
99/00;454;3.2;0.2;0.1;1.5
99/00;462;16.2;6.1;0.1;3.3
99/00;464;25.7;3.9;1.1;5.8
99/00;472;19.2;2;0.8;8.5
99/00;482;9.5;3.7;0;1.5
99/00;483;10.2;0.8;2;7.8
99/00;484;6.3;4.8;0.1;2.5
99/00;505;4;2;0.2;3
99/00;524;2.3;0.3;0.1;1.7
99/00;530;3.9;0.3;0.8;3.3
99/00;541;8.6;0.8;0.2;2.6
99/00;543;9;1.5;0.1;1.8
99/00;546;12.7;4;0.3;3
99/00;549;19.1;2;1.7;8.5
99/00;551;11.9;0.6;3;7.6
99/00;554;16.4;1.8;1.3;7
99/00;566;6.7;2.5;0.2;5.2
99/00;567;14.2;2.6;1.1;10
99/00;584;25.8;5.2;0.6;7.1
99/00;585;1.6;0;0.2;0.4
99/00;586;8.6;4.9;0.1;2.2
99/00;587;29.7;3.8;3;13.6
99/00;588;8.7;1.1;0.2;3
99/00;589;5.4;0.3;1.3;6.1
99/00;604;10.3;1.1;0.7;4.7
99/00;605;13.8;7.3;0.4;5
99/00;607;6.6;0.8;0.2;3.2
